"","S.W.No.","Name.Current.Sci","Name.Common","Latitude","Longitude","County","Year","Date"
"1","1916/5","Orcinus orca","Killer whale",54.86824121,-3.737613736,"Kirkcudbrightshire, Scotland",1916,"23/05/1916"
"2","1918/9","Orcinus orca","Killer whale",54.98818262,-7.620351091,"Donegal, EIRE",1918,"03/03/1918"
"3","1918/10","Orcinus orca","Killer whale",50.80117032,-0.50980823,"Sussex",1918,"03/04/1918"
"4","1918/12","Orcinus orca","Killer whale",50.91138997,0.934977418,"Kent",1918,"15/04/1918"
"5","1924/15","Orcinus orca","Killer whale",50.33425072,-4.237248863,"Cornwall",1924,"09/07/1924"
"6","1926/9","Orcinus orca","Killer whale",51.32427587,1.40062211,"Kent",1926,"24/03/1926"
"7","1926/44","Orcinus orca","Killer whale",52.47481855,1.757136877,"Suffolk",1926,"21/11/1926"
"8","1927/2","Orcinus orca","Killer whale",50.26120929,-5.29478871,"Cornwall",1927,"09/01/1927"
"9","1927/28","Orcinus orca","Killer whale",57.18895588,-7.421505682,"Western Isles, Scotland",1927,"23/09/1927"
"10","1927/35","Orcinus orca","Killer whale",54.28130246,-0.382740752,"Yorkshire",1927,"12/11/1927"
"11","1932/13","Orcinus orca","Killer whale",56.10341765,-3.797036202,"Clackmannanshire, Scotland",1932,"21/03/1932"
"12","1932/63","Orcinus orca","Killer whale",59.52482757,-1.609332636,"Shetland Islands, Scotland",1932,"14/12/1932"
"13","1935/14","Orcinus orca","Killer whale",50.81723217,-0.13787537,"Sussex",1935,"21/05/1935"
"14","1937/27","Orcinus orca","Killer whale",60.16142458,-1.351347943,"Shetland Islands, Scotland",1937,"16/09/1937"
"15","1941/5","Orcinus orca","Killer whale",54.72005796,-3.498653842,"Cumberland",1941,"19/03/1941"
"16","1941/8","Orcinus orca","Killer whale",56.46886793,-2.766184619,"Angus, Scotland",1941,"16/04/1941"
"17","1941/11","Orcinus orca","Killer whale",56.34186721,-2.786288069,"Fife, Scotland",1941,"16/05/1941"
"18","1941/28","Orcinus orca","Killer whale",53.14618352,0.37888514,"Lincolnshire",1941,"23/12/1941"
"19","1942/11","Orcinus orca","Killer whale",54.07393932,-0.189033494,"Yorkshire",1942,"07/09/1942"
"20","1943/9","Orcinus orca","Killer whale",56.80391315,-2.344573779,"Kincardineshire, Scotland",1943,"03/07/1943"
"21","1943/10","Orcinus orca","Killer whale",57.17847032,-2.079403281,"Aberdeenshire, Scotland",1943,"04/07/1943"
"23","1943/11","Orcinus orca","Killer whale",55.1316378,-1.498058773,"Northumberland",1943,"10/07/1943"
"24","1943/24","Orcinus orca","Killer whale",52.6823609,-9.654840122,"Clare, EIRE",1943,"30/12/1943"
"25","1944/2","Orcinus orca","Killer whale",60.68003881,-0.901539916,"Shetland Islands, Scotland",1944,"15/02/1944"
"26","1944/21A","Orcinus orca","Killer whale",55.14126784,-8.100897108,"Donegal, EIRE",1944,"11/12/1944"
"27","1944/23","Orcinus orca","Killer whale",55.28333,-1.5333,"Northumberland",1944,"25/12/1944"
"28","1945/20","Orcinus orca","Killer whale",57.33037715,-7.364497081,"Western Isles, Scotland",1945,"15/10/1945"
"29","1954/17","Orcinus orca","Killer whale",53.93667289,-10.04012953,"Mayo, EIRE",1954,NA
"30","1956/3","Orcinus orca","Killer whale",54.55235154,-3.595181513,"Cumberland",1956,"11/01/1956"
"31","1957/29","Orcinus orca","Killer whale",53.09479611,0.340195851,"Lincolnshire",1957,"19/10/1957"
"32","1958/12","Orcinus orca","Killer whale",54.82815405,-5.760827063,"Antrim, N.Ireland",1958,"27/12/1958"
"33","1961/10","Orcinus orca","Killer whale",56.19118559,-2.741302946,"Fifeshire, Scotland",1961,"11/07/1961"
"34","1963/11","Orcinus orca","Killer whale",58.24364001,-7.026603573,"Western Isles, Scotland",1963,"08/04/1963"
"35","1963/34","Orcinus orca","Killer whale",51.86035008,1.257584347,"Essex",1963,"20/09/1963"
"36","1965/7","Orcinus orca","Killer whale",60.78548763,-0.799473349,"Shetland Islands, Scotland",1965,"27/03/1965"
"37","1965/16","Orcinus orca","Killer whale",52.4125749,-4.103306655,"Cardiganshire, Wales",1965,"01/08/1965"
"38","1966/7","Orcinus orca","Killer whale",60.80522429,-0.869683134,"Shetland Islands, Scotland",1966,"07/02/1966"
"39","1966/24","Orcinus orca","Killer whale",57.68777324,-2.501872769,"Banffshire, Scotland",1966,"15/08/1966"
"40","1966/33","Orcinus orca","Killer whale",57.61140039,-1.832614535,"Aberdeenshire, Scotland",1966,"13/12/1966"
"41","1968/18","Orcinus orca","Killer whale",54.48648339,-0.626159606,"Yorkshire",1968,"02/08/1968"
"42","1968/19","Orcinus orca","Killer whale",54.82695289,-5.799350414,"Antrim, N.Ireland",1968,"09/08/1968"
"43","1968/22","Orcinus orca","Killer whale",56.49745661,-6.826759524,"Argyllshire, Scotland",1968,"19/08/1968"
"44","1969/22","Orcinus orca","Killer whale",57.06898303,-7.297539804,"Inverness-shire, Scotland",1969,"30/09/1969"
"45","1971/4","Orcinus orca","Killer whale",57.22998224,-7.446793086,"Inverness-shire, Scotland",1971,"16/03/1971"
"46","1972/24","Orcinus orca","Killer whale",58.63028092,-3.240112268,"Caithness, Scotland",1972,"03/11/1972"
"47","1973/20","Orcinus orca","Killer whale",56.41372376,-5.469559281,"Argyllshire, Scotland",1973,"14/08/1973"
"48","1973/23","Orcinus orca","Killer whale",58.58692322,-3.066543351,"Caithness, Scotland",1973,"02/10/1973"
"49","1975/7","Orcinus orca","Killer whale",50.11535085,-5.539563735,"Cornwall",1975,"27/03/1975"
"50","1976/27","Orcinus orca","Killer whale",60.60001715,-1.105154765,"Shetland Islands, Scotland",1976,"07/08/1976"
"51","1977/31a","Orcinus orca","Killer whale",59.28028714,-2.468595017,"Orkney Islands, Scotland",1977,NA
"52","1978/2","Orcinus orca","Killer whale",58.92609513,-3.302819586,"Orkney Islands, Scotland",1978,"13/01/1978"
"53","1978/4","Orcinus orca","Killer whale",57.69302566,-2.117433139,"Aberdeenshire, Scotland",1978,"16/01/1978"
"54","1978/19a","Orcinus orca","Killer whale",57.0461861,-6.501888976,"Highland, Scotland",1978,"24/05/1978"
"55","1978/21","Orcinus orca","Killer whale",59.21826434,-2.683226644,"Orkney Islands, Scotland",1978,"14/07/1978"
"56","1978/34","Orcinus orca","Killer whale",50.1467283,-5.079970134,"Cornwall",1978,"05/11/1978"
"57","1980/38","Orcinus orca","Killer whale",60.54566932,-1.08897058,"Shetland Islands, Scotland",1980,"03/12/1980"
"58","1981/33b","Orcinus orca","Killer whale",57.12543062,-7.239429485,"Inverness-shire, Scotland",1981,"15/08/1981"
"59","1983/39a","Orcinus orca","Killer whale",51.944391,-7.808388567,"Waterford, EIRE",1983,"02/07/1983"
"62","1983/62a","Orcinus orca","Killer whale",60.29693264,-1.545877224,"Shetland Islands, Scotland",1983,"06/12/1983"
"63","1985/9","Orcinus orca","Killer whale",57.69201893,-6.296304137,"Highland, Scotland",1985,"25/01/1985"
"64","1987/47a","Orcinus orca","Killer whale",58.88706441,-3.42629239,"Orkney Islands, Scotland",1987,NA
"65","SW1994/56a","Orcinus orca","Killer whale",58.56829582,-3.776138,"Highland",1994,"15/04/1994"
"66","SW1994/169a","Orcinus orca","Killer whale",60.26923136,-1.1955534,"Shetland",1994,"16/11/1994"
"67","SW1994/177b","Orcinus orca","Killer whale",60.68843223,-0.917736,"Shetland",1994,"07/12/1994"
"78","SW1995/32c","Orcinus orca","Killer whale",56.83671253,-6.268256,"Highland",1995,"03/03/1995"
"79","SW1995/51c","Orcinus orca","Killer whale",60.37981569,-1.3887305,"Shetland",1995,"18/04/1995"
"80","SW1995/54","Orcinus orca","Killer whale",51.32755031,1.3807615,"Kent",1995,"25/04/1995"
"81","SW1995/57a","Orcinus orca","Killer whale",60.33050661,-1.663134,"Shetland",1995,"15/05/1995"
"82","SW1997/135c","Orcinus orca","Killer whale",57.80503551,-7.0816087,"Western Isles",1997,"16/08/1997"
"83","SW2001/234","Orcinus orca","Killer whale",53.32256949,-2.8573316,"Liverpool",2001,"09/10/2001"
"84","SW2002/386b","Orcinus orca","Killer whale",53.60317898,-0.1288212,"North East Lincolnshire",2002,"25/12/2002"
"85","SW2003/253","Orcinus orca","Killer whale",54.6,-3.8,"Cumbria",2003,"27/05/2003"
"86","SW2005/188a","Orcinus orca","Killer whale",60.76204678,-0.2378898,"At sea",2005,"15/07/2005"
"87","SW2005/290c","Orcinus orca","Killer whale",57.28418027,-7.4215779,"Western Isles",2005,"24/12/2005"
"88","SW2007/108b","Orcinus orca","Killer whale",56.01998782,-3.4279488,"Fife",2007,"10/05/2007"
"89","SW2008/61b","Orcinus orca","Killer whale",58.53676879,-5.0668125,"Highland",2008,"10/04/2008"
"90","SW2011/287","Orcinus orca","Killer whale",58.26611111,-6.8694444,"Western Isles",2011,"04/06/2011"
"91","SW2012/236","Orcinus orca","Killer whale",58.62138889,-3.6502778,"Highland",2012,"10/06/2012"
"92","SW2014/254","Orcinus orca","Killer whale",57.515,-7.3730556,"Western Isles",2014,"28/07/2014"
"93","SW2015/34","Orcinus orca","Killer whale",57.34777778,-7.4002778,"Western Isles",2015,"27/01/2015"
"94","SW2015/209","Orcinus orca","Killer whale",60.4175,-1.4113889,"Shetland",2015,"05/06/2015"
"95","1913/38","Hyperoodon ampullatus","Bottlenose whale",53.14503612,0.355191236,"Lincolnshire",1913,"27/09/1913"
"96","1913/56","Hyperoodon ampullatus","Bottlenose whale",50.78556571,-0.630903629,"Sussex",1913,"11/10/1913"
"97","1914/13","Hyperoodon ampullatus","Bottlenose whale",55.13580372,-1.505850219,"Northumberland",1914,"11/03/1914"
"98","1914/20A","Hyperoodon ampullatus","Bottlenose whale",57.59847053,-3.982980949,"Nairn, Scotland",1914,"01/05/1914"
"99","1914/41","Hyperoodon ampullatus","Bottlenose whale",52.78499156,0.37277381,"Norfolk",1914,"05/09/1914"
"100","1914/42","Hyperoodon ampullatus","Bottlenose whale",54.86900904,-3.683096423,"Kirkcudbrightshire, Scotland",1914,"15/09/1914"
"101","1914/50","Hyperoodon ampullatus","Bottlenose whale",51.18185213,-3.397975725,"Somerset",1914,"23/11/1914"
"102","1916/16","Hyperoodon ampullatus","Bottlenose whale",56.49887236,-2.706679744,"Angus, Scotland",1916,"07/08/1916"
"103","1916/22","Hyperoodon ampullatus","Bottlenose whale",57.48869265,-7.049177082,"Western Isles, Scotland",1916,"03/10/1916"
"104","1917/15","Hyperoodon ampullatus","Bottlenose whale",58.60896274,-3.549227637,"Caithness, Scotland",1917,"26/07/1917"
"105","1917/25","Hyperoodon ampullatus","Bottlenose whale",51.5156,-9.5429,"Cork, EIRE",1917,"20/09/1917"
"106","1917/29","Hyperoodon ampullatus","Bottlenose whale",50.61375782,-2.449510306,"Dorset",1917,"27/10/1917"
"107","1918/30","Hyperoodon ampullatus","Bottlenose whale",51.67860076,-4.246479947,"Carmarthenshire, Wales",1918,"04/09/1918"
"108","1918/31","Hyperoodon ampullatus","Bottlenose whale",53.1242,-9.1653,"Clare, EIRE",1918,"04/09/1918"
"109","1922/23","Hyperoodon ampullatus","Bottlenose whale",57.69328626,-2.926067819,"Banffshire, Scotland",1922,"04/12/1922"
"110","1923/13","Hyperoodon ampullatus","Bottlenose whale",53.9814,-6.1859,"Louth, EIRE",1923,"12/09/1923"
"111","1923/17","Hyperoodon ampullatus","Bottlenose whale",55.97178597,-4.697176317,"Dunbartonshire, Scotland",1923,"21/11/1923"
"112","1925/20","Hyperoodon ampullatus","Bottlenose whale",58.4018,-6.4923,"Ross & Cromarty, Scotland",1925,"26/09/1925"
"113","1926/37","Hyperoodon ampullatus","Bottlenose whale",54.753,-5.702,"Antrim, N.Ireland",1926,"10/10/1926"
"114","1927/27","Hyperoodon ampullatus","Bottlenose whale",58.0111,-3.7138,"Sutherland, Scotland",1927,"20/09/1927"
"118","1930/21","Hyperoodon ampullatus","Bottlenose whale",53.6233,0.1424,"Yorkshire",1930,"29/07/1930"
"119","1931/29","Hyperoodon ampullatus","Bottlenose whale",53.1297,-9.6585,"Galway, EIRE",1931,"27/08/1931"
"121","1932/43","Hyperoodon ampullatus","Bottlenose whale",55.9625,-2.9833,"E.Lothian, Scotland",1932,"17/08/1932"
"122","1932/57","Hyperoodon ampullatus","Bottlenose whale",53.1224,-9.1563,"Clare, EIRE",1932,"03/09/1932"
"123","1934/5a","Hyperoodon ampullatus","Bottlenose whale",51.8596,-7.991,"Cork, EIRE",1934,"27/01/1934"
"124","1934/15","Hyperoodon ampullatus","Bottlenose whale",58.567486,-4.000397,"Sutherland, Scotland",1934,"01/03/1934"
"125","1936/28","Hyperoodon ampullatus","Bottlenose whale",51.9991,-4.9755,"Pembrokeshire, Wales",1936,"07/09/1936"
"126","1936/32","Hyperoodon ampullatus","Bottlenose whale",55.8672,-6.3325,"Argyllshire, Scotland",1936,"17/10/1936"
"127","1937/21","Hyperoodon ampullatus","Bottlenose whale",55.9879,-2.9027,"East Lothian, Scotland",1937,"09/08/1937"
"128","1938/4","Hyperoodon ampullatus","Bottlenose whale",50.8361,0.4778,"Sussex",1938,"25/01/1938"
"129","1938/25","Hyperoodon ampullatus","Bottlenose whale",53.5981,-0.7383,"Lincolnshire",1938,"16/08/1938"
"130","1938/34","Hyperoodon ampullatus","Bottlenose whale",57.7222,-3.3696,"Morayshire, Scotland",1938,"10/09/1938"
"131","1938/40","Hyperoodon ampullatus","Bottlenose whale",52.0877,-7.6185,"Waterford, EIRE",1938,"07/10/1938"
"132","1939/21","Hyperoodon ampullatus","Bottlenose whale",51.78387256,1.159389713,"Essex",1939,"31/07/1939"
"133","1939/23","Hyperoodon ampullatus","Bottlenose whale",51.77319423,0.940134378,"Essex",1939,"30/07/1939"
"135","1939/33","Hyperoodon ampullatus","Bottlenose whale",54.71,-3.5169,"Cumberland",1939,"23/09/1939"
"136","1941/6","Hyperoodon ampullatus","Bottlenose whale",57.1772,-2.0776,"Aberdeenshire, Scotland",1941,"30/03/1941"
"137","1941/22","Hyperoodon ampullatus","Bottlenose whale",52.8879,0.4369,"Norfolk",1941,NA
"138","1941/23","Hyperoodon ampullatus","Bottlenose whale",56.0115,-4.7652,"Dunbartonshire, Scotland",1941,"14/10/1941"
"139","1942/6","Hyperoodon ampullatus","Bottlenose whale",52.8771,0.4332,"Norfolk",1942,"28/06/1942"
"140","1942/14","Hyperoodon ampullatus","Bottlenose whale",54.9872,-5.9684,"Antrim, N.Ireland",1942,"27/11/1942"
"141","1942/17","Hyperoodon ampullatus","Bottlenose whale",54.427,-0.5293,"North Yorkshire",1942,"12/12/1942"
"142","1943/12","Hyperoodon ampullatus","Bottlenose whale",54.3965,-1.8285,"Yorkshire",1943,"13/07/1943"
"143","1944/12","Hyperoodon ampullatus","Bottlenose whale",55.0026,-5.0871,"Wigtownshire, Scotland",1944,"28/05/1944"
"144","1946/3","Hyperoodon ampullatus","Bottlenose whale",60.6889,-0.8331,"Shetland Islands, Scotland",1946,"21/03/1946"
"145","1946/18","Hyperoodon ampullatus","Bottlenose whale",54.1125,-3.1235,"Lancashire",1946,"18/10/1946"
"146","1947/17A","Hyperoodon ampullatus","Bottlenose whale",51.688,-9.5161,"Cork, EIRE",1947,"31/08/1947"
"147","1948/17","Hyperoodon ampullatus","Bottlenose whale",57.583,-4.0768,"Inverness-shire, Scotland",1948,"01/08/1948"
"149","1948/24","Hyperoodon ampullatus","Bottlenose whale",55.9353,-4.6808,"Renfrewshire, Scotland",1948,"04/11/1948"
"150","1949/4","Hyperoodon ampullatus","Bottlenose whale",52.9786,0.7972,"Norfolk",1949,"22/03/1949"
"151","1949/13","Hyperoodon ampullatus","Bottlenose whale",56.0387,-3.7004,"Stirlingshire, Scotland",1949,"11/07/1949"
"152","1951/10","Hyperoodon ampullatus","Bottlenose whale",55.991,-3.3953,"West Lothian, Scotland",1951,"19/07/1951"
"153","1952/17","Hyperoodon ampullatus","Bottlenose whale",56.8415,-5.1573,"Inverness-shire, Scotland",1952,"01/10/1952"
"154","1953/14","Hyperoodon ampullatus","Bottlenose whale",53.3468,-2.7638,"Cheshire",1953,"16/09/1953"
"156","1954/18","Hyperoodon ampullatus","Bottlenose whale",53.4068,-6.0574,"Dublin, EIRE",1954,"27/09/1954"
"159","1955/15","Hyperoodon ampullatus","Bottlenose whale",55.9833,-4.8356,"Dunbartonshire, Scotland",1955,"05/09/1955"
"160","1956/24","Hyperoodon ampullatus","Bottlenose whale",53.6533,0.1265,"Yorkshire",1956,"05/08/1956"
"161","1956/36","Hyperoodon ampullatus","Bottlenose whale",52.7687,0.1964,"Lincolnshire",1956,"09/09/1956"
"162","1958/10","Hyperoodon ampullatus","Bottlenose whale",54.58694,-1.23852,"Durham",1958,"08/10/1958"
"163","1959/18","Hyperoodon ampullatus","Bottlenose whale",55.05178,-7.25365,"Londonderry, N.Ireland",1959,"26/09/1959"
"164","1960/15","Hyperoodon ampullatus","Bottlenose whale",58.59871,-3.38531,"Caithness, Scotland",1960,"15/05/1960"
"165","1962/15","Hyperoodon ampullatus","Bottlenose whale",52.9794,0.8104,"Norfolk",1962,"10/07/1962"
"167","1964/27","Hyperoodon ampullatus","Bottlenose whale",57.4847,-4.4534,"Inverness-shire, Scotland",1964,"18/09/1964"
"169","1965/23","Hyperoodon ampullatus","Bottlenose whale",50.3514,-4.1974,"Cornwall",1965,"18/09/1965"
"170","1965/24","Hyperoodon ampullatus","Bottlenose whale",51.6204,-4.2903,"Glamorganshire, Wales",1965,"21/09/1965"
"171","1965/31","Hyperoodon ampullatus","Bottlenose whale",56.079,-4.8337,"Dunbartonshire, Scotland",1965,NA
"172","1966/27","Hyperoodon ampullatus","Bottlenose whale",53.28254839,-4.681745233,"Anglesey, Gwynedd, Wales",1966,"12/09/1966"
"173","1967/25","Hyperoodon ampullatus","Bottlenose whale",54.63688186,-3.565016781,"Cumberland",1967,"15/09/1967"
"174","1968/16","Hyperoodon ampullatus","Bottlenose whale",53.23930115,-3.138900053,"Flintshire, Wales",1968,"26/07/1968"
"175","1969/19","Hyperoodon ampullatus","Bottlenose whale",57.27698821,-6.065111053,"Inverness-shire, Scotland",1969,"18/08/1969"
"176","1969/21","Hyperoodon ampullatus","Bottlenose whale",56.45050124,-5.440441802,"Argyllshire, Scotland",1969,"26/09/1969"
"177","1970/20","Hyperoodon ampullatus","Bottlenose whale",58.7851806,-2.986111322,"Orkney Islands, Scotland",1970,"01/07/1970"
"178","1970/36","Hyperoodon ampullatus","Bottlenose whale",51.77414633,-5.102449193,"Pembrokeshire, Wales",1970,"02/12/1970"
"179","1971/20","Hyperoodon ampullatus","Bottlenose whale",53.41359249,0.18188636,"Lincolnshire",1971,"31/10/1971"
"180","1972/18","Hyperoodon ampullatus","Bottlenose whale",56.00045129,-4.742488429,"Dunbartonshire, Scotland",1972,NA
"181","1972/21","Hyperoodon ampullatus","Bottlenose whale",58.6406632,-3.08523892,"Caithness, Scotland",1972,"26/10/1972"
"182","1972/23","Hyperoodon ampullatus","Bottlenose whale",57.65280892,-7.38677528,"Inverness-shire, Scotland",1972,"28/10/1972"
"183","1973/26","Hyperoodon ampullatus","Bottlenose whale",54.84070591,-5.115029158,"Wigtownshire, Scotland",1973,"01/11/1973"
"184","1975/16","Hyperoodon ampullatus","Bottlenose whale",51.80344046,1.017260361,"Essex",1975,"27/07/1975"
"185","1975/21","Hyperoodon ampullatus","Bottlenose whale",54.76439327,-3.429873236,"Cumberland",1975,"06/10/1975"
"186","1975/22","Hyperoodon ampullatus","Bottlenose whale",54.76448311,-3.429876404,"Cumbria",1975,"06/10/1975"
"187","1976/33","Hyperoodon ampullatus","Bottlenose whale",54.71942916,-3.491332577,"Cumbria",1976,"26/09/1976"
"188","1978/22","Hyperoodon ampullatus","Bottlenose whale",56.05184672,-3.613805448,"Fife, Scotland",1978,"14/07/1978"
"189","1978/24","Hyperoodon ampullatus","Bottlenose whale",52.99184104,0.134482246,"Lincolnshire",1978,"16/08/1978"
"190","1981/6","Hyperoodon ampullatus","Bottlenose whale",56.04583533,-3.725953674,"Central, Scotland",1981,"08/02/1981"
"191","1982/30","Hyperoodon ampullatus","Bottlenose whale",58.05865634,-6.662749081,"Western Isles, Scotland",1982,"19/08/1982"
"192","1983/48a","Hyperoodon ampullatus","Bottlenose whale",60.32444126,-1.121760899,"Shetland Islands, Scotland",1983,"13/09/1983"
"193","1984/13b","Hyperoodon ampullatus","Bottlenose whale",60.12164045,-1.298140378,"Shetland Islands, Scotland",1984,NA
"194","1986/54","Hyperoodon ampullatus","Bottlenose whale",55.39764582,-4.763761262,"Strathclyde, Scotland",1986,"17/09/1986"
"195","1986/59","Hyperoodon ampullatus","Bottlenose whale",53.40613113,-4.557692729,"Anglesey, Gwynedd, Wales",1986,"30/10/1986"
"196","1987/61","Hyperoodon ampullatus","Bottlenose whale",51.48883515,-2.784903471,"Avon",1987,"05/09/1987"
"197","1988/50","Hyperoodon ampullatus","Bottlenose whale",52.98760428,0.696810607,"Norfolk",1988,"03/08/1988"
"198","1988/56","Hyperoodon ampullatus","Bottlenose whale",57.48636099,-4.38571637,"Highland, Scotland",1988,"15/08/1988"
"199","1989/13b","Hyperoodon ampullatus","Bottlenose whale",55.61691415,-4.723736596,"Strathclyde, Scotland",1989,"03/02/1989"
"200","SW1993/77e","Hyperoodon ampullatus","Northern bottlenose whale",60.62820828,-0.910615,"Shetland",1993,"11/07/1993"
"201","SW1993/117d","Hyperoodon ampullatus","Northern bottlenose whale",54.96519926,-5.0637128,"Dumfries and Galloway",1993,"24/09/1993"
"202","SW1994/165a","Hyperoodon ampullatus","Northern bottlenose whale",57.39862175,-6.1952093,"Highland",1994,"27/10/1994"
"203","SW1995/67c","Hyperoodon ampullatus","Northern bottlenose whale",59.03917275,-2.5716178,"Orkney",1995,"24/06/1995"
"204","SW1995/119a","Hyperoodon ampullatus","Northern bottlenose whale",54.98389222,-5.03543,"Dumfries and Galloway",1995,"26/09/1995"
"205","SW1996/140","Hyperoodon ampullatus","Northern bottlenose whale",51.67273422,-4.6960762,"Pembrokeshire",1996,"30/08/1996"
"206","SW1998/178a","Hyperoodon ampullatus","Northern bottlenose whale",55.51188468,-5.0632925,"North Ayrshire",1998,"10/10/1998"
"207","SW1998/189","Hyperoodon ampullatus","Northern bottlenose whale",53.37902831,-3.1922412,"Wirral",1998,"06/11/1998"
"208","SW1999/159","Hyperoodon ampullatus","Northern bottlenose whale",54.23349403,-9.2024472,"Mayo",1999,"01/09/1999"
"209","SW2000/47b","Hyperoodon ampullatus","Northern bottlenose whale",58.48157068,-6.2997076,"Western Isles",2000,"12/03/2000"
"210","SW2001/73b","Hyperoodon ampullatus","Northern bottlenose whale",59.21213093,-2.6533271,"Orkney",2001,"14/03/2001"
"211","SW2001/204c","Hyperoodon ampullatus","Northern bottlenose whale",56.4881064,-5.7559114,"Argyll and Bute",2001,"04/09/2001"
"212","SW2001/251b","Hyperoodon ampullatus","Northern bottlenose whale",59.05058512,-3.3389128,"Orkney",2001,"09/11/2001"
"213","SW2003/390","Hyperoodon ampullatus","Northern bottlenose whale",50.31750862,-4.1128284,"Devon",2003,"04/12/2003"
"214","SW2004/125","Hyperoodon ampullatus","Northern bottlenose whale",54.05310388,-2.8998007,"Lancashire",2004,"29/03/2004"
"215","SW2004/239","Hyperoodon ampullatus","Northern bottlenose whale",53.72305538,-0.870805,"East Riding of Yorkshire",2004,"01/08/2004"
"216","SW2005/142c","Hyperoodon ampullatus","Northern bottlenose whale",57.69479061,-7.3115013,"Western Isles",2005,"04/06/2005"
"217","SW2006/40","Hyperoodon ampullatus","Northern bottlenose whale",51.48236577,-0.1564214,"Greater London",2006,"20/01/2006"
"218","SW2006/236","Hyperoodon ampullatus","Northern bottlenose whale",53.10206776,0.3453718,"Lincolnshire",2006,"31/08/2006"
"220","SW2006/267d","Hyperoodon ampullatus","Northern bottlenose whale",57.50628386,-4.2300734,"Highland",2006,"16/10/2006"
"221","SW2007/53f","Hyperoodon ampullatus","Northern bottlenose whale",60.48317696,-1.0901776,"Shetland",2007,"23/02/2007"
"222","SW2007/148d","Hyperoodon ampullatus","Northern bottlenose whale",52.02521744,1.1692397,"Suffolk",2007,"27/07/2007"
"223","SW2007/148g","Hyperoodon ampullatus","Northern bottlenose whale",60.14869265,-1.0309874,"Shetland",2007,"27/07/2007"
"224","SW2007/178b","Hyperoodon ampullatus","Northern bottlenose whale",58.35105094,-6.6619477,"Western Isles",2007,"04/09/2007"
"225","SW2007/193a","Hyperoodon ampullatus","Northern bottlenose whale",58.1856201,-6.7083547,"Western Isles",2007,"25/09/2007"
"226","SW2008/137","Hyperoodon ampullatus","Northern bottlenose whale",49.93823267,-0.9770226,"Hampshire",2008,"01/08/2008"
"227","SW2008/190a","Hyperoodon ampullatus","Northern bottlenose whale",56.849327,-5.206218,"Highland",2008,"18/10/2008"
"228","SW2008/207b","Hyperoodon ampullatus","Northern bottlenose whale",55.58232191,-4.6656317,"North Ayrshire",2008,"19/11/2008"
"229","SW2009/203","Hyperoodon ampullatus","Northern bottlenose whale",58.375,-5.1763889,"Highland",2009,"18/03/2009"
"230","SW2009/257","Hyperoodon ampullatus","Northern bottlenose whale",57.66916667,-4.0763889,"Highland",2009,"02/08/2009"
"232","SW2009/286","Hyperoodon ampullatus","Northern bottlenose whale",54.90416667,-4.4058333,"Dumfries and Galloway",2009,"24/08/2009"
"233","SW2009/305","Hyperoodon ampullatus","Northern bottlenose whale",50.68666667,-1.9397222,"Bournemouth",2009,"21/09/2009"
"234","SW2009/318","Hyperoodon ampullatus","Northern bottlenose whale",55.53805556,-4.6583333,"South Ayreshire",2009,"22/09/2009"
"235","SW2009/346","Hyperoodon ampullatus","Northern bottlenose whale",56.75222222,-5.195,"Highland",2009,"08/10/2009"
"236","SW2009/330","Hyperoodon ampullatus","Northern bottlenose whale",53.35444444,-3.3633333,"Denbighshire",2009,"10/10/2009"
"237","SW2009/426","Hyperoodon ampullatus","Northern bottlenose whale",56.52111111,-6.9522222,"Argyll and Bute",2009,"08/12/2009"
"238","SW2011/477","Hyperoodon ampullatus","Northern bottlenose whale",56.07055556,-6.2475,"Argyll and Bute",2011,"17/09/2011"
"239","SW2012/265","Hyperoodon ampullatus","Northern bottlenose whale",57.66583333,-3.0116667,"Aberdeenshire",2012,"18/06/2012"
"240","SW2012/433","Hyperoodon ampullatus","Northern bottlenose whale",58.94,-3.3116667,"Orkney",2012,"28/09/2012"
"241","SW2012/450","Hyperoodon ampullatus","Northern bottlenose whale",57.68444444,-2.645,"Aberdeenshire",2012,"20/10/2012"
"242","SW2014/314","Hyperoodon ampullatus","Northern bottlenose whale",57.1425,-5.7955556,"Highland",2014,"29/08/2014"
"244","1913/20","Balaenoptera acutorostrata","Minke whale",57.34539911,-1.93353066,"Aberdeen, Scotland",1913,"24/08/1913"
"245","1913/35","Balaenoptera acutorostrata","Minke whale",56.55343565,-2.580797076,"Angus, Scotland",1913,"26/09/1913"
"246","1913/55","Balaenoptera acutorostrata","Minke whale",57.66819516,-7.344552614,"Inverness, Scotland",1913,"10/10/1913"
"247","1913/65","Balaenoptera acutorostrata","Minke whale",56.26033202,-2.61832577,"Fife, Scotland",1913,"31/10/1913"
"248","1915/15","Balaenoptera acutorostrata","Minke whale",51.57081183,-4.285902338,"Glamorgan, Wales",1915,"04/08/1915"
"249","1915/25","Balaenoptera acutorostrata","Minke whale",53.99541628,-0.204344963,"Yorkshire",1915,"21/10/1915"
"250","1916/7","Balaenoptera acutorostrata","Minke whale",50.34783678,-5.155961868,"Cornwall",1916,"05/06/1916"
"251","1916/19","Balaenoptera acutorostrata","Minke whale",56.06028208,-2.722728493,"Berwick, Scotland",1916,"26/08/1916"
"252","1916/26","Balaenoptera acutorostrata","Minke whale",58.59137055,-3.071840318,"Caithness, Scotland",1916,"18/10/1916"
"253","1917/17","Balaenoptera acutorostrata","Minke whale",55.93969745,-2.349030661,"Berwickshire, Scotland",1917,"01/08/1917"
"254","1917/24","Balaenoptera acutorostrata","Minke whale",51.526,-9.5332,"Cork, EIRE",1917,"22/09/1917"
"255","1918/13A","Balaenoptera acutorostrata","Minke whale",50.32827987,-4.641694893,"Cornwall",1918,"21/06/1918"
"256","1918/16","Balaenoptera acutorostrata","Minke whale",56.92640976,-7.534046403,"Inverness, Scotland",1918,"26/07/1918"
"257","1918/17","Balaenoptera acutorostrata","Minke whale",56.47684421,-2.185089849,"Angus, Scotland",1918,"03/08/1918"
"258","1918/18","Balaenoptera acutorostrata","Minke whale",57.01919845,-2.156479918,"Kincardine, Scotland",1918,"05/08/1918"
"259","1918/24","Balaenoptera acutorostrata","Minke whale",57.34539911,-1.93353066,"Aberdeen, Scotland",1918,"19/08/1918"
"260","1919/1","Balaenoptera acutorostrata","Minke whale",54.2224,-10.0115,"Mayo, EIRE",1919,"07/01/1919"
"261","1919/2","Balaenoptera acutorostrata","Minke whale",57.110921,-2.059444056,"Kincardine, Scotland",1919,"14/01/1919"
"262","1919/6","Balaenoptera acutorostrata","Minke whale",54.98063679,-1.378054229,"Durham",1919,"07/05/1919"
"263","1922/22","Balaenoptera acutorostrata","Minke whale",59.08092965,-2.823577816,"Orkney Islands, Scotland",1922,"30/10/1922"
"264","1924/17","Balaenoptera acutorostrata","Minke whale",54.0574,-5.9953,"Down, N.Ireland",1924,"28/07/1924"
"265","1924/23","Balaenoptera acutorostrata","Minke whale",52.1729,-6.5769,"Wexford, EIRE",1924,"03/11/1924"
"266","1925/13","Balaenoptera acutorostrata","Minke whale",56.55436433,-2.574303524,"Angus, Scotland",1925,"27/07/1925"
"267","1925/19","Balaenoptera acutorostrata","Minke whale",57.68690679,-2.65248859,"Banff, Scotland",1925,"13/09/1925"
"268","1925/26","Balaenoptera acutorostrata","Minke whale",55.4225,-5.5388,"Argyll, Scotland",1925,"17/11/1925"
"269","1926/7","Balaenoptera acutorostrata","Minke whale",56.4734,-2.7812,"Angus, Scotland",1926,"13/03/1926"
"270","1926/14","Balaenoptera acutorostrata","Minke whale",51.5429,-4.2043,"Glamorgan, Wales",1926,"30/05/1926"
"271","1926/33","Balaenoptera acutorostrata","Minke whale",53.345,0.2727,"Lincolnshire",1926,"14/09/1926"
"272","1926/35","Balaenoptera acutorostrata","Minke whale",58.2744,-3.3686,"Caithness, Scotland",1926,"17/09/1926"
"273","1926/40","Balaenoptera acutorostrata","Minke whale",50.0799,-5.6986,"Cornwall",1926,"12/11/1926"
"274","1927/24","Balaenoptera acutorostrata","Minke whale",58.0111,-3.7138,"Sutherland, Scotland",1927,"19/08/1927"
"275","1927/36","Balaenoptera acutorostrata","Minke whale",52.6486,1.7357,"Norfolk",1927,"23/11/1927"
"276","1928/13","Balaenoptera acutorostrata","Minke whale",55.2672,-1.5648,"Northumberland",1928,"16/04/1928"
"277","1928/16","Balaenoptera acutorostrata","Minke whale",58.2284,-6.1635,"Western Isles, Scotland",1928,"31/05/1928"
"278","1928/42","Balaenoptera acutorostrata","Minke whale",NA,NA,"North Sea' - no details",1928,"29/09/1928"
"279","1929/17","Balaenoptera acutorostrata","Minke whale",52.1823,-6.8228,"Wexford, EIRE",1929,"29/06/1929"
"280","1929/21","Balaenoptera acutorostrata","Minke whale",55.2404,-4.8638,"Ayrshire, Scotland",1929,"15/08/1929"
"281","1930/9","Balaenoptera acutorostrata","Minke whale",53.3423,0.2694,"Lincolnshire",1930,"30/04/1930"
"282","1931/39","Balaenoptera acutorostrata","Minke whale",52.2766,-6.3752,"Wexford, EIRE",1931,"09/11/1931"
"283","1932/21","Balaenoptera acutorostrata","Minke whale",NA,NA,"Guernsey, Channel Islands",1932,"09/05/1932"
"284","1932/27","Balaenoptera acutorostrata","Minke whale",54.7497,-1.2734,"Durham",1932,"22/06/1932"
"285","1932/31","Balaenoptera acutorostrata","Minke whale",57.5669,-1.8196,"Aberdeen, Scotland",1932,"09/08/1932"
"286","1932/33","Balaenoptera acutorostrata","Minke whale",56.3727,-2.8409,"Fife, Scotland",1932,"07/08/1932"
"287","1933/26","Balaenoptera acutorostrata","Minke whale",56.9691,-2.199,"Kincardine, Scotland",1933,"09/09/1933"
"288","1933/47","Balaenoptera acutorostrata","Minke whale",52.9383,0.4797,"Norfolk",1933,"29/11/1933"
"289","1934/16A","Balaenoptera acutorostrata","Minke whale",49.4365,-2.5346,"Guernsey, Channel Isles",1934,"06/03/1934"
"290","1935/19","Balaenoptera acutorostrata","Minke whale",55.6682,-6.021,"Argyllshire, Scotland",1935,"01/07/1935"
"291","1935/31","Balaenoptera acutorostrata","Minke whale",57.6111,-1.8212,"Aberdeenshire, Scotland",1935,"13/08/1935"
"292","1935/40","Balaenoptera acutorostrata","Minke whale",60.7574,-0.8582,"Shetland Islands, Scotland",1935,"01/10/1935"
"293","1936/8","Balaenoptera acutorostrata","Minke whale",54.4347,-0.5302,"North Yorkshire",1936,"12/05/1936"
"294","1938/9","Balaenoptera acutorostrata","Minke whale",60.1597,-1.05,"Shetland Islands, Scotland",1938,"06/04/1938"
"295","1938/35","Balaenoptera acutorostrata","Minke whale",53.4021,-0.7855,"Lincolnshire",1938,"17/09/1938"
"296","1939/5","Balaenoptera acutorostrata","Minke whale",54.1175,-0.0767,"Yorkshire",1939,"22/03/1939"
"297","1939/10","Balaenoptera acutorostrata","Minke whale",58.4425,-3.0669,"Caithness, Scotland",1939,"06/05/1939"
"298","1939/32","Balaenoptera acutorostrata","Minke whale",56.4979,-2.7043,"Angus, Scotland",1939,"20/09/1939"
"299","1940/8","Balaenoptera acutorostrata","Minke whale",53.1528,0.3528,"Lincolnshire",1940,"22/05/1940"
"300","1941/9","Balaenoptera acutorostrata","Minke whale",56.5906,-2.5182,"Angus, Scotland",1941,"22/04/1941"
"301","1941/27","Balaenoptera acutorostrata","Minke whale",53.3745,0.2517,"Lincolnshire",1941,"16/11/1941"
"302","1942/12","Balaenoptera acutorostrata","Minke whale",52.9611,0.8517,"Norfolk",1942,"25/11/1942"
"303","1943/6","Balaenoptera acutorostrata","Minke whale",51.9031,-5.305,"Pembrokeshire, Wales",1943,"24/05/1943"
"304","1943/15","Balaenoptera acutorostrata","Minke whale",51.7655,-2.4204,"Gloucestershire",1943,"13/07/1943"
"305","1943/18","Balaenoptera acutorostrata","Minke whale",52.5925,1.7387,"Norfolk",1943,"13/10/1943"
"306","1943/19","Balaenoptera acutorostrata","Minke whale",54.1518,-4.474,"Isle of Man",1943,"13/10/1943"
"307","1944/1","Balaenoptera acutorostrata","Minke whale",54.909,-1.3541,"Northumberland",1944,"05/02/1944"
"308","1945/18","Balaenoptera acutorostrata","Minke whale",53.7005,0.0805,"Yorkshire",1945,"02/09/1945"
"309","1946/22","Balaenoptera acutorostrata","Minke whale",57.2755,-2.0182,"Aberdeenshire, Scotland",1946,"20/11/1946"
"310","1947/1A","Balaenoptera acutorostrata","Minke whale",52.1756,-6.585,"Wexford, EIRE",1947,"03/01/1947"
"311","1947/5","Balaenoptera acutorostrata","Minke whale",57.273,-2.018,"Aberdeenshire, Scotland",1947,"05/04/1947"
"312","1947/9","Balaenoptera acutorostrata","Minke whale",54.7545,-5.7056,"Antrim, N.Ireland",1947,"27/05/1947"
"313","1947/24","Balaenoptera acutorostrata","Minke whale",50.0841,-5.6937,"Cornwall",1947,"15/11/1947"
"314","1948/3","Balaenoptera acutorostrata","Minke whale",50.3311,-4.201,"Cornwall",1948,"19/03/1948"
"315","1948/5","Balaenoptera acutorostrata","Minke whale",57.6858,-2.6956,"Banffshire, Scotland",1948,"31/03/1948"
"316","1948/9","Balaenoptera acutorostrata","Minke whale",53.4951,-3.0747,"Lancashire",1948,"26/05/1948"
"317","1948/20","Balaenoptera acutorostrata","Minke whale",60.4767,-1.4843,"Shetland Islands, Scotland",1948,"26/08/1948"
"318","1948/25","Balaenoptera acutorostrata","Minke whale",57.5103,-1.7716,"Aberdeenshire, Scotland",1948,"04/11/1948"
"319","1950/32","Balaenoptera acutorostrata","Minke whale",50.1246,-5.5181,"Cornwall",1950,"22/11/1950"
"320","1950/34","Balaenoptera acutorostrata","Minke whale",55.4999,-1.614,"Northumberland",1950,"11/12/1950"
"321","1951/6","Balaenoptera acutorostrata","Minke whale",58.9581,-3.3005,"Orkney Islands, Scotland",1951,NA
"322","1951/7","Balaenoptera acutorostrata","Minke whale",55.3301,-1.5594,"Northumberland",1951,"11/05/1951"
"323","1951/18","Balaenoptera acutorostrata","Minke whale",60.1496,-1.1454,"Shetland Islands, Scotland",1951,"08/08/1951"
"324","1952/7","Balaenoptera acutorostrata","Minke whale",55.9521,-3.0616,"East Lothian, Scotland",1952,"22/03/1952"
"325","1952/12","Balaenoptera acutorostrata","Minke whale",59.8565,-1.272,"Shetland Islands, Scotland",1952,"24/07/1952"
"326","1952/15","Balaenoptera acutorostrata","Minke whale",59.9495,-1.3304,"Shetland Islands, Scotland",1952,"02/09/1952"
"327","1952/19","Balaenoptera acutorostrata","Minke whale",53.9053,-6.3527,"Louth, EIRE",1952,NA
"328","1952/21","Balaenoptera acutorostrata","Minke whale",52.0869,-7.6102,"Waterford, EIRE",1952,"27/10/1952"
"329","1953/7","Balaenoptera acutorostrata","Minke whale",53.5766,0.1182,"Yorkshire",1953,"16/08/1953"
"330","1953/9","Balaenoptera acutorostrata","Minke whale",54.0779,-4.7363,"Isle of Man",1953,"28/08/1953"
"331","1953/17","Balaenoptera acutorostrata","Minke whale",52.0043,-4.9901,"Pembrokeshire, Wales",1953,"18/09/1953"
"332","1953/19","Balaenoptera acutorostrata","Minke whale",52.3968,-4.093,"Cardiganshire, Wales",1953,"28/09/1953"
"333","1954/1","Balaenoptera acutorostrata","Minke whale",50.3162,-4.0779,"Devon",1954,"14/01/1954"
"334","1954/7","Balaenoptera acutorostrata","Minke whale",53.6105,-3.0783,"Lancashire",1954,"04/07/1954"
"335","1956/2","Balaenoptera acutorostrata","Minke whale",53.290421,-3.835816,"Carnarvonshire, Wales",1956,"07/01/1956"
"336","1956/37","Balaenoptera acutorostrata","Minke whale",55.9308,-2.2932,"Berwickshire, Scotland",1956,"21/09/1956"
"337","1957/10","Balaenoptera acutorostrata","Minke whale",56.8947,-2.21588,"Kincardineshire, Scotland",1957,"25/04/1957"
"338","1957/14","Balaenoptera acutorostrata","Minke whale",54.53324,-0.74909,"Yorkshire",1957,"20/06/1957"
"339","1957/19","Balaenoptera acutorostrata","Minke whale",56.8279,-2.28234,"Kincardineshire, Scotland",1957,"14/07/1957"
"340","1959/4","Balaenoptera acutorostrata","Minke whale",52.78114,1.61883,"Norfolk",1959,"24/05/1959"
"341","1960/30","Balaenoptera acutorostrata","Minke whale",53.62007,0.14285,"Yorkshire",1960,"01/10/1960"
"342","1961/11","Balaenoptera acutorostrata","Minke whale",51.48612911,-0.285915829,"Surrey",1961,"12/07/1961"
"343","1962/2","Balaenoptera acutorostrata","Minke whale",52.7654,0.387,"Norfolk",1962,"06/02/1962"
"344","1962/10","Balaenoptera acutorostrata","Minke whale",52.809486,0.4159153,"Norfolk",1962,"04/05/1962"
"345","1963/12","Balaenoptera acutorostrata","Minke whale",57.6781,-1.9272,"Aberdeenshire, Scotland",1963,"14/05/1963"
"346","1963/41","Balaenoptera acutorostrata","Minke whale",56.3594,-2.8051,"Fifeshire, Scotland",1963,"15/11/1963"
"347","1964/7","Balaenoptera acutorostrata","Minke whale",57.0934,-2.0796,"Kincardineshire, Scotland",1964,"15/04/1964"
"348","1965/19","Balaenoptera acutorostrata","Minke whale",53.9221,-3.0544,"Lancashire",1965,"30/08/1965"
"349","1965/29","Balaenoptera acutorostrata","Minke whale",54.9541,-1.3532,"Durham",1965,"08/10/1965"
"350","1966/4","Balaenoptera acutorostrata","Minke whale",59.9963866,-1.221907926,"Shetland Islands, Scotland",1966,"03/02/1966"
"351","1966/21","Balaenoptera acutorostrata","Minke whale",58.00806183,-3.849517588,"Sutherland, Scotland",1966,"21/06/1966"
"352","1967/14","Balaenoptera acutorostrata","Minke whale",51.07937768,1.184241834,"Kent",1967,"26/06/1967"
"353","1968/13","Balaenoptera acutorostrata","Minke whale",57.50424113,-1.78286999,"Aberdeenshire, Scotland",1968,"14/07/1968"
"354","1969/1","Balaenoptera acutorostrata","Minke whale",58.24201016,-3.430799563,"Caithness, Scotland",1969,"25/01/1969"
"355","1969/12","Balaenoptera acutorostrata","Minke whale",57.7871177,-6.897132211,"Inverness-shire, Scotland",1969,"07/07/1969"
"356","1969/14","Balaenoptera acutorostrata","Minke whale",51.7187575,-4.403263006,"Carmarthenshire, Wales",1969,"22/07/1969"
"357","1969/16","Balaenoptera acutorostrata","Minke whale",52.94252256,1.140638314,"Norfolk",1969,"25/07/1969"
"358","1969/20","Balaenoptera acutorostrata","Minke whale",53.40833943,-4.452484062,"Anglesey, Gwynedd, Wales",1969,"26/09/1969"
"359","1970/18","Balaenoptera acutorostrata","Minke whale",55.2053,-6.2372,"Antrim, N.Ireland",1970,"27/05/1970"
"360","1970/19","Balaenoptera acutorostrata","Minke whale",57.1577398,-7.326820588,"Inverness-shire, Scotland",1970,"09/06/1970"
"361","1971/6","Balaenoptera acutorostrata","Minke whale",50.60959216,-2.35335713,"Dorset",1971,"26/04/1971"
"362","1971/11","Balaenoptera acutorostrata","Minke whale",53.80636379,-3.063088623,"Lancashire",1971,"31/07/1971"
"363","1971/12","Balaenoptera acutorostrata","Minke whale",58.43411008,-3.079046141,"Caithness, Scotland",1971,"10/08/1971"
"364","1971/16","Balaenoptera acutorostrata","Minke whale",54.48585664,-0.57970948,"Yorkshire",1971,"20/09/1971"
"365","1972/8","Balaenoptera acutorostrata","Minke whale",50.02485354,-5.25329707,"Cornwall",1972,"02/04/1972"
"366","1972/16","Balaenoptera acutorostrata","Minke whale",56.98070515,-7.466288872,"Inverness-shire, Scotland",1972,"26/09/1972"
"367","1972/20","Balaenoptera acutorostrata","Minke whale",51.63337603,-2.679162023,"Gloucestershire",1972,"25/10/1972"
"368","1973/13","Balaenoptera acutorostrata","Minke whale",58.64066175,-3.085411172,"Caithness, Scotland",1973,"24/05/1973"
"369","1973/16","Balaenoptera acutorostrata","Minke whale",51.44187151,0.302483646,"Kent",1973,"24/06/1973"
"370","1974/1","Balaenoptera acutorostrata","Minke whale",51.8717741,-5.254341616,"Pembrokeshire, Wales",1974,"08/01/1974"
"371","1975/12","Balaenoptera acutorostrata","Minke whale",54.7436596,-1.269833778,"Durham",1975,"11/06/1975"
"372","1975/18","Balaenoptera acutorostrata","Minke whale",54.77472549,-3.974626533,"Dumfries & Galloway, Scotland",1975,"10/09/1975"
"373","1976/18a","Balaenoptera acutorostrata","Minke whale",58.86997082,-3.387430922,"Orkney Islands, Scotland",1976,NA
"374","1976/46","Balaenoptera acutorostrata","Minke whale",56.05569455,-2.738701751,"East Lothian, Scotland",1976,NA
"375","1977/36","Balaenoptera acutorostrata","Minke whale",58.5912133,-3.531063954,"Highland, Scotland",1977,"28/11/1977"
"376","1977/40","Balaenoptera acutorostrata","Minke whale",51.57716136,-2.995843151,"Gwent, Wales",1977,"29/12/1977"
"377","1978/28","Balaenoptera acutorostrata","Minke whale",57.13624197,-5.966945194,"Inverness-shire, Scotland",1978,"10/10/1978"
"378","1978/32a","Balaenoptera acutorostrata","Minke whale",59.12753816,-2.838674649,"Orkney Islands, Scotland",1978,"29/10/1978"
"379","1979/28","Balaenoptera acutorostrata","Minke whale",52.11724436,-4.68762102,"Dyfed, Wales",1979,"24/09/1979"
"380","1980/31","Balaenoptera acutorostrata","Minke whale",57.61749007,-6.371297724,"Inverness-shire, Scotland",1980,"16/09/1980"
"381","1980/34","Balaenoptera acutorostrata","Minke whale",57.19526306,-6.08924815,"Inverness-shire, Scotland",1980,"02/10/1980"
"382","1981/35","Balaenoptera acutorostrata","Minke whale",58.962012,-3.304174312,"Orkney Islands, Scotland",1981,"23/08/1981"
"383","1981/55a","Balaenoptera acutorostrata","Minke whale",58.74027827,-2.984840125,"Orkney Islands, Scotland",1981,"08/12/1981"
"384","1982/21","Balaenoptera acutorostrata","Minke whale",49.733,-2.1747,"Alderney, Channel Isles",1982,"08/06/1982"
"385","1982/23","Balaenoptera acutorostrata","Minke whale",53.76787916,-0.027415535,"Humberside",1982,"12/07/1982"
"386","1982/31","Balaenoptera acutorostrata","Minke whale",51.43432793,-2.86324476,"Avon",1982,"25/08/1982"
"387","1982/33","Balaenoptera acutorostrata","Minke whale",58.59220675,-3.445243921,"Highland, Scotland",1982,"12/09/1982"
"388","1982/40","Balaenoptera acutorostrata","Minke whale",51.65610112,-5.0624132,"Dyfed, Wales",1982,"26/10/1982"
"389","1982/44","Balaenoptera acutorostrata","Minke whale",58.93957015,-2.747047082,"Orkney Islands, Scotland",1982,"29/10/1982"
"390","1983/45a","Balaenoptera acutorostrata","Minke whale",50.72329742,-2.93512566,"Dorset",1983,NA
"391","1983/46a","Balaenoptera acutorostrata","Minke whale",59.99901657,-1.211087943,"Shetland Islands, Scotland",1983,"22/08/1983"
"392","1983/60","Balaenoptera acutorostrata","Minke whale",50.04775744,-5.073346324,"Cornwall",1983,"04/11/1983"
"393","1984/13a","Balaenoptera acutorostrata","Minke whale",60.25382301,-1.172440893,"Shetland Islands, Scotland",1984,"26/06/1984"
"394","1984/32","Balaenoptera acutorostrata","Minke whale",54.71389986,-4.359859357,"Dumfries & Galloway, Scotland",1984,"22/11/1984"
"395","1985/37","Balaenoptera acutorostrata","Minke whale",56.97462118,-7.399301877,"Western Isles, Scotland",1985,"26/06/1985"
"396","1985/45","Balaenoptera acutorostrata","Minke whale",58.88204428,-3.214238667,"Orkney Islands, Scotland",1985,"31/08/1985"
"397","1986/26","Balaenoptera acutorostrata","Minke whale",51.30429247,1.376180055,"Kent",1986,"12/04/1986"
"398","1986/56","Balaenoptera acutorostrata","Minke whale",53.67779138,-0.016485452,"North Humberside",1986,"10/10/1986"
"399","1988/47a","Balaenoptera acutorostrata","Minke whale",58.06995709,-5.357453078,"Highland, Scotland",1988,"06/07/1988"
"400","1988/54","Balaenoptera acutorostrata","Minke whale",54.1275656,-2.792751801,"Lancashire",1988,"01/08/1988"
"401","1989/42a","Balaenoptera acutorostrata","Minke whale",56.6210736,-6.565290472,"Strathclyde, Scotland",1989,"15/06/1989"
"402","1989/87","Balaenoptera acutorostrata","Minke whale",56.4763422,-6.892521989,"Strathclyde, Scotland",1989,"22/10/1989"
"403","1989/92","Balaenoptera acutorostrata","Minke whale",55.95216751,-2.385979206,"East Lothian, Scotland",1989,"21/11/1989"
"404","SW1990/35","Balaenoptera acutorostrata","Minke whale",58.59229463,-3.7291716,"Highland",1990,"23/03/1990"
"405","SW1990/52","Balaenoptera acutorostrata","Minke whale",51.56813178,-4.1172033,"Swansea",1990,"28/06/1990"
"406","SW1990/56a","Balaenoptera acutorostrata","Minke whale",55.80955867,-6.4587924,"Argyll and Bute",1990,"06/07/1990"
"407","SW1990/126","Balaenoptera acutorostrata","Minke whale",59.0225,-3.3594444,"Orkney",1990,"13/07/1990"
"408","SW1990/64a","Balaenoptera acutorostrata","Minke whale",55.97133364,-5.9750461,"Argyll and Bute",1990,"08/08/1990"
"409","SW1990/125","Balaenoptera acutorostrata","Minke whale",58.93,-3.3611111,"Orkney",1990,"20/08/1990"
"410","SW1990/82a","Balaenoptera acutorostrata","Minke whale",54.3711,-5.5547,"Down",1990,"02/10/1990"
"411","SW1990/115a","Balaenoptera acutorostrata","Minke whale",58.82671861,-2.9569779,"Orkney",1990,"29/12/1990"
"412","SW1991/2","Balaenoptera acutorostrata","Minke whale",51.70464361,-4.3852885,"Carmarthenshire",1991,"02/01/1991"
"413","SW1991/3a","Balaenoptera acutorostrata","Minke whale",54.37914199,-0.4540447,"North Yorkshire",1991,"12/07/1991"
"414","SW1991/84a","Balaenoptera acutorostrata","Minke whale",54.37914199,-0.4540447,"North Yorkshire",1991,"15/07/1991"
"415","SW1991/145a","Balaenoptera acutorostrata","Minke whale",57.06021177,-6.4870793,"Highland",1991,"03/11/1991"
"416","SW1991/143","Balaenoptera acutorostrata","Minke whale",57.85707987,-6.6889225,"Western Isles",1991,"09/11/1991"
"417","SW1992/99","Balaenoptera acutorostrata","Minke whale",55.95007742,-3.0521961,"East Lothian",1992,"04/04/1992"
"418","SW1992/168f","Balaenoptera acutorostrata","Minke whale",59.23498548,-2.5678795,"Orkney",1992,"22/07/1992"
"419","SW1992/176","Balaenoptera acutorostrata","Minke whale",54.30143096,-4.3500304,"Isle of Man",1992,"10/08/1992"
"420","SW1992/179b","Balaenoptera acutorostrata","Minke whale",58.11089683,-7.1285699,"Western Isles",1992,"14/08/1992"
"421","SW1992/199a","Balaenoptera acutorostrata","Minke whale",57.63515124,-3.7504349,"Moray",1992,"27/09/1992"
"422","SW1992/209d","Balaenoptera acutorostrata","Minke whale",57.24196702,-7.4402646,"Western Isles",1992,"10/11/1992"
"423","SW1992/221a","Balaenoptera acutorostrata","Minke whale",56.38791139,-5.5239435,"Argyll and Bute",1992,"23/12/1992"
"424","SW1992/222b","Balaenoptera acutorostrata","Minke whale",57.48704533,-7.3714693,"Western Isles",1992,"30/12/1992"
"425","SW1993/4","Balaenoptera acutorostrata","Minke whale",52.76301122,-4.1183796,"Gwynedd",1993,"12/01/1993"
"426","SW1993/60b","Balaenoptera acutorostrata","Minke whale",56.29752564,-6.3825736,"Argyll and Bute",1993,"05/05/1993"
"427","SW1993/66h","Balaenoptera acutorostrata","Minke whale",56.55071741,-2.5856358,"Angus",1993,"07/06/1993"
"428","SW1993/68b","Balaenoptera acutorostrata","Minke whale",58.24523212,-6.3204818,"Western Isles",1993,"14/06/1993"
"429","SW1993/69f","Balaenoptera acutorostrata","Minke whale",56.27361702,-6.2165451,"Argyll and Bute",1993,"20/06/1993"
"430","SW1993/74b","Balaenoptera acutorostrata","Minke whale",55.7225282,-6.3369614,"Argyll and Bute",1993,"07/07/1993"
"431","SW1993/75","Balaenoptera acutorostrata","Minke whale",57.392328,-7.247601,"Unknown",1993,"10/07/1993"
"432","SW1993/83b","Balaenoptera acutorostrata","Minke whale",58.29741602,-6.7984109,"Western Isles",1993,"21/07/1993"
"433","SW1993/83e","Balaenoptera acutorostrata","Minke whale",57.57240067,-4.0401002,"Highland",1993,"21/07/1993"
"434","SW1993/83g","Balaenoptera acutorostrata","Minke whale",58.21208685,-5.3606521,"Highland",1993,"22/07/1993"
"435","SW1993/102","Balaenoptera acutorostrata","Minke whale",54.6337477,-1.1224431,"Redcar and Cleveland",1993,"31/08/1993"
"436","SW1993/104a","Balaenoptera acutorostrata","Minke whale",58.52780685,-4.2396065,"Highland",1993,"02/09/1993"
"437","SW1993/110a","Balaenoptera acutorostrata","Minke whale",57.36335341,-1.9118851,"Aberdeenshire",1993,"10/09/1993"
"438","SW1993/113a","Balaenoptera acutorostrata","Minke whale",55.68664971,-1.8170694,"Northumberland",1993,"14/09/1993"
"439","SW1993/121a","Balaenoptera acutorostrata","Minke whale",55.57893045,-5.1494616,"North Ayrshire",1993,"08/10/1993"
"440","SW1993/121d","Balaenoptera acutorostrata","Minke whale",58.05431987,-6.5841231,"Western Isles",1993,"11/10/1993"
"441","SW1994/63a","Balaenoptera acutorostrata","Minke whale",58.95320673,-3.2864559,"Orkney",1994,"25/04/1994"
"442","SW1994/102c","Balaenoptera acutorostrata","Minke whale",56.66167889,-6.178187,"Argyll and Bute",1994,"08/06/1994"
"443","SW1994/107d","Balaenoptera acutorostrata","Minke whale",58.78693692,-2.9913517,"Orkney",1994,"23/06/1994"
"444","SW1994/137c","Balaenoptera acutorostrata","Minke whale",58.34095434,-6.667458,"Western Isles",1994,"12/08/1994"
"445","SW1995/1","Balaenoptera acutorostrata","Minke whale",51.1263383,1.338871,"Kent",1995,"06/01/1995"
"446","SW1995/21a","Balaenoptera acutorostrata","Minke whale",58.83631239,-3.1053847,"Orkney",1995,"17/02/1995"
"447","SW1995/85a","Balaenoptera acutorostrata","Minke whale",57.57314265,-7.483025,"Western Isles",1995,"05/07/1995"
"448","SW1995/90a","Balaenoptera acutorostrata","Minke whale",57.52402467,-1.7946084,"Aberdeenshire",1995,"18/07/1995"
"449","SW1995/107b","Balaenoptera acutorostrata","Minke whale",57.59926317,-3.989719,"Highland",1995,"31/08/1995"
"450","SW1995/112","Balaenoptera acutorostrata","Minke whale",56.32336896,-7.1150015,"Argyll and Bute",1995,"12/09/1995"
"451","SW1995/126a","Balaenoptera acutorostrata","Minke whale",57.64050994,-5.7988513,"Highland",1995,"21/10/1995"
"452","SW1995/126b","Balaenoptera acutorostrata","Minke whale",56.8420071,-2.2721353,"Aberdeenshire",1995,"21/10/1995"
"453","SW1995/129","Balaenoptera acutorostrata","Minke whale",56.52605102,-6.794751,"Argyll and Bute",1995,"31/10/1995"
"454","SW1995/135a","Balaenoptera acutorostrata","Minke whale",56.88704109,-2.2150155,"Aberdeenshire",1995,"29/11/1995"
"455","SW1996/54","Balaenoptera acutorostrata","Minke whale",55.01920519,-1.4168751,"North Tyneside",1996,"17/03/1996"
"456","SW1996/72a","Balaenoptera acutorostrata","Minke whale",55.99767822,-3.4142969,"City of Edinburgh",1996,"04/04/1996"
"457","SW1996/86","Balaenoptera acutorostrata","Minke whale",50.8936,-1.4025,"City of Southampton",1996,"14/05/1996"
"458","SW1996/90a","Balaenoptera acutorostrata","Minke whale",56.02959022,-3.3737349,"Fife",1996,"21/05/1996"
"459","SW1996/96f","Balaenoptera acutorostrata","Minke whale",58.87038249,-3.3909163,"Orkney",1996,"31/05/1996"
"460","SW1996/129b","Balaenoptera acutorostrata","Minke whale",60.1711635,-1.5313928,"Shetland",1996,"04/08/1996"
"461","SW1996/132a","Balaenoptera acutorostrata","Minke whale",56.44371196,-6.4952368,"Argyll and Bute",1996,"12/08/1996"
"462","SW1996/133b","Balaenoptera acutorostrata","Minke whale",54.2345,-5.8325,"Antrim",1996,"15/08/1996"
"463","SW1996/154b","Balaenoptera acutorostrata","Minke whale",56.93016654,-6.1535888,"Highland",1996,"11/10/1996"
"464","SW1996/158a","Balaenoptera acutorostrata","Minke whale",55.77787116,-5.1048813,"Argyll and Bute",1996,"19/10/1996"
"465","SW1996/158b","Balaenoptera acutorostrata","Minke whale",57.02875115,-5.981857,"Highland",1996,"20/10/1996"
"466","SW1996/162","Balaenoptera acutorostrata","Minke whale",51.47168638,0.249259,"Thurrock",1996,"29/10/1996"
"467","SW1997/73a","Balaenoptera acutorostrata","Minke whale",56.56820161,-6.281906,"Argyll and Bute",1997,"22/04/1997"
"468","SW1997/74a","Balaenoptera acutorostrata","Minke whale",58.27982329,-3.3403983,"Highland",1997,"25/04/1997"
"469","SW1997/77b","Balaenoptera acutorostrata","Minke whale",56.64030164,-6.1986722,"Argyll and Bute",1997,"06/05/1997"
"470","SW1997/82a","Balaenoptera acutorostrata","Minke whale",57.71252155,-7.0097611,"Western Isles",1997,"15/05/1997"
"471","SW1997/84b","Balaenoptera acutorostrata","Minke whale",58.25343668,-3.1928417,"Highland",1997,"02/06/1997"
"472","SW1997/103c","Balaenoptera acutorostrata","Minke whale",57.68472023,-7.2293701,"Western Isles",1997,"07/07/1997"
"473","SW1997/113a","Balaenoptera acutorostrata","Minke whale",59.97505256,-1.2600349,"Shetland",1997,"15/07/1997"
"474","SW1997/123b","Balaenoptera acutorostrata","Minke whale",57.05318529,-7.455493,"Western Isles",1997,"21/07/1997"
"475","SW1997/132b","Balaenoptera acutorostrata","Minke whale",58.17490306,-6.3783278,"Western Isles",1997,"05/08/1997"
"476","SW1997/137e","Balaenoptera acutorostrata","Minke whale",54.25843718,-5.614706,"Down",1997,"01/09/1997"
"477","SW1997/139b","Balaenoptera acutorostrata","Minke whale",55.36843499,-5.1532306,"North Ayrshire",1997,"07/09/1997"
"478","SW1997/145a","Balaenoptera acutorostrata","Minke whale",57.58010146,-5.8042635,"Highland",1997,"20/09/1997"
"479","SW1997/164","Balaenoptera acutorostrata","Minke whale",53.6812211,-0.4994102,"North Lincolnshire",1997,"02/11/1997"
"480","SW1997/169b","Balaenoptera acutorostrata","Minke whale",56.64331916,-6.1892132,"Argyll and Bute",1997,"11/11/1997"
"481","SW1997/169e","Balaenoptera acutorostrata","Minke whale",58.17669621,-5.304559,"Highland",1997,"15/11/1997"
"482","SW1997/170a","Balaenoptera acutorostrata","Minke whale",57.68692475,-2.9359701,"Moray",1997,"19/11/1997"
"483","SW1997/171","Balaenoptera acutorostrata","Minke whale",50.05161295,-5.5962152,"Cornwall",1997,"19/11/1997"
"484","SW1998/42c","Balaenoptera acutorostrata","Minke whale",58.20460309,-6.2985003,"Western Isles",1998,"07/03/1998"
"485","SW1998/69","Balaenoptera acutorostrata","Minke whale",50.10284823,-5.3888176,"Cornwall",1998,"06/04/1998"
"486","SW1998/71a","Balaenoptera acutorostrata","Minke whale",57.9350569,-4.0065821,"Highland",1998,"09/04/1998"
"487","SW1998/92a","Balaenoptera acutorostrata","Minke whale",57.59469368,-7.1426633,"Western Isles",1998,"09/05/1998"
"488","SW1998/98a","Balaenoptera acutorostrata","Minke whale",56.65427159,-6.5676768,"Argyll and Bute",1998,"22/05/1998"
"489","SW1998/133f","Balaenoptera acutorostrata","Minke whale",59.17580748,-3.1093244,"Orkney",1998,"17/07/1998"
"490","SW1998/143b","Balaenoptera acutorostrata","Minke whale",59.18689774,-2.8261259,"Orkney",1998,"31/07/1998"
"491","SW1998/145a","Balaenoptera acutorostrata","Minke whale",58.43976878,-5.1012159,"Highland",1998,"03/08/1998"
"492","SW1998/155","Balaenoptera acutorostrata","Minke whale",53.35043997,-2.7211668,"Halton",1998,"07/08/1998"
"493","SW1998/164c","Balaenoptera acutorostrata","Minke whale",55.84163101,-6.4525571,"Argyll and Bute",1998,"25/08/1998"
"494","SW1998/186b","Balaenoptera acutorostrata","Minke whale",57.69819307,-2.9899553,"Moray",1998,"29/10/1998"
"495","SW1998/186d","Balaenoptera acutorostrata","Minke whale",55.54987751,-5.7054769,"Argyll and Bute",1998,"02/11/1998"
"496","SW1999/7a","Balaenoptera acutorostrata","Minke whale",57.97051934,-3.979817,"Highland",1999,"09/01/1999"
"497","SW1999/45","Balaenoptera acutorostrata","Minke whale",51.80044719,1.1984171,"Essex",1999,"09/03/1999"
"498","SW1999/86","Balaenoptera acutorostrata","Minke whale",53.93195145,-0.1689849,"East Riding of Yorkshire",1999,"19/04/1999"
"499","SW1999/99","Balaenoptera acutorostrata","Minke whale",50.59614055,-2.1045638,"Dorset",1999,"07/05/1999"
"500","SW1999/106a","Balaenoptera acutorostrata","Minke whale",56.68750584,-6.132021,"Highland",1999,"24/05/1999"
"501","SW1999/106b","Balaenoptera acutorostrata","Minke whale",56.60476772,-6.2648483,"Argyll and Bute",1999,"24/05/1999"
"502","SW1999/107","Balaenoptera acutorostrata","Minke whale",50.04702304,-5.6280102,"Cornwall",1999,"26/05/1999"
"503","SW1999/109a","Balaenoptera acutorostrata","Minke whale",56.30357397,-6.0192365,"Argyll and Bute",1999,"02/06/1999"
"504","SW1999/112b","Balaenoptera acutorostrata","Minke whale",56.64174611,-6.1825089,"Argyll and Bute",1999,"09/06/1999"
"505","SW1999/151","Balaenoptera acutorostrata","Minke whale",54.10728341,-3.2711689,"Cumbria",1999,"14/08/1999"
"506","SW1999/153a","Balaenoptera acutorostrata","Minke whale",57.68375195,-2.7362939,"Aberdeenshire",1999,"20/08/1999"
"507","SW1999/154","Balaenoptera acutorostrata","Minke whale",54.29036957,-0.4020541,"North Yorkshire",1999,"23/08/1999"
"508","SW1999/157c","Balaenoptera acutorostrata","Minke whale",56.31259224,-6.43933,"Argyll and Bute",1999,"30/08/1999"
"509","SW1999/197b","Balaenoptera acutorostrata","Minke whale",55.46327341,-4.6417668,"South Ayrshire",1999,"17/11/1999"
"510","SW1999/204a","Balaenoptera acutorostrata","Minke whale",50.07430768,-5.7041724,"Cornwall",1999,"01/12/1999"
"511","SW1999/202a","Balaenoptera acutorostrata","Minke whale",56.203945,-2.8785782,"Fife",1999,"06/12/1999"
"512","SW2000/4a","Balaenoptera acutorostrata","Minke whale",58.57958876,-4.7642498,"Highland",2000,"14/01/2000"
"513","SW2000/30d","Balaenoptera acutorostrata","Minke whale",58.36750914,-6.2139147,"Western Isles",2000,"23/02/2000"
"514","SW2000/58a","Balaenoptera acutorostrata","Minke whale",58.6534781,-3.2564479,"Highland",2000,"20/03/2000"
"515","SW2000/87b","Balaenoptera acutorostrata","Minke whale",58.65346126,-3.2581709,"Highland",2000,"30/04/2000"
"516","SW2000/89c","Balaenoptera acutorostrata","Minke whale",50.3232,-4.6099833,"Cornwall",2000,"10/05/2000"
"517","SW2000/99a","Balaenoptera acutorostrata","Minke whale",50.20495973,-4.9082158,"Cornwall",2000,"30/05/2000"
"518","SW2000/100","Balaenoptera acutorostrata","Minke whale",54.36242964,-3.4437351,"Cumbria",2000,"01/06/2000"
"519","SW2000/135c","Balaenoptera acutorostrata","Minke whale",57.3544557,-5.8906636,"Highland",2000,"18/07/2000"
"520","SW2000/139a","Balaenoptera acutorostrata","Minke whale",57.5799128,-5.9565816,"Highland",2000,"07/08/2000"
"521","SW2000/141","Balaenoptera acutorostrata","Minke whale",53.27795814,0.3174889,"Lincolnshire",2000,"12/08/2000"
"522","SW2000/141b","Balaenoptera acutorostrata","Minke whale",58.36146304,-6.2063478,"Western Isles",2000,"16/08/2000"
"523","SW2000/148a","Balaenoptera acutorostrata","Minke whale",56.34795276,-5.8684283,"Argyll and Bute",2000,"04/09/2000"
"524","SW2000/157e","Balaenoptera acutorostrata","Minke whale",57.24838457,-2.0397768,"Aberdeenshire",2000,"28/09/2000"
"525","SW2000/158b","Balaenoptera acutorostrata","Minke whale",56.18795346,-2.8524296,"Fife",2000,"30/09/2000"
"526","SW2000/161a","Balaenoptera acutorostrata","Minke whale",59.0581946,-2.8666279,"Orkney",2000,"04/10/2000"
"527","SW2000/162a","Balaenoptera acutorostrata","Minke whale",55.30769273,-5.6244995,"Argyll and Bute",2000,"05/10/2000"
"528","SW2000/181a","Balaenoptera acutorostrata","Minke whale",57.48510137,-6.6276904,"Highland",2000,"26/10/2000"
"529","SW2000/225","Balaenoptera acutorostrata","Minke whale",58.83807869,-3.1089064,"Orkney",2000,"14/12/2000"
"530","SW2000/219","Balaenoptera acutorostrata","Minke whale",51.09648029,1.2167059,"Kent",2000,"19/12/2000"
"531","SW2001/81f","Balaenoptera acutorostrata","Minke whale",56.04035453,-3.528237,"Fife",2001,"14/04/2001"
"532","SW2001/100","Balaenoptera acutorostrata","Minke whale",55.15652952,-1.51972,"Northumberland",2001,"08/05/2001"
"533","SW2001/120","Balaenoptera acutorostrata","Minke whale",55.68570235,-1.7868512,"Northumberland",2001,"10/06/2001"
"534","SW2001/122a","Balaenoptera acutorostrata","Minke whale",58.97320329,-3.3515666,"Orkney",2001,"11/06/2001"
"535","SW2001/128a","Balaenoptera acutorostrata","Minke whale",56.0667931,-6.2254174,"Argyll and Bute",2001,"25/06/2001"
"536","SW2001/138a","Balaenoptera acutorostrata","Minke whale",60.14029383,-1.1140692,"Shetland",2001,"03/07/2001"
"537","SW2001/139a","Balaenoptera acutorostrata","Minke whale",55.20410057,-6.2321976,"Antrim",2001,"05/07/2001"
"538","SW2001/138b","Balaenoptera acutorostrata","Minke whale",59.02344905,-3.3570217,"Orkney",2001,"06/07/2001"
"539","SW2001/188a","Balaenoptera acutorostrata","Minke whale",50.37410918,-5.1492653,"Cornwall",2001,"10/08/2001"
"540","SW2001/193a","Balaenoptera acutorostrata","Minke whale",54.84148345,-5.1197633,"Dumfries and Galloway",2001,"21/08/2001"
"541","SW2001/250a","Balaenoptera acutorostrata","Minke whale",57.59007167,-7.1235762,"Western Isles",2001,"08/11/2001"
"542","SW2001/253a","Balaenoptera acutorostrata","Minke whale",58.62891622,-3.3744154,"Highland",2001,"12/11/2001"
"543","SW2001/265b","Balaenoptera acutorostrata","Minke whale",56.88736611,-6.126157,"Highland",2001,"02/12/2001"
"544","SW2001/277","Balaenoptera acutorostrata","Minke whale",50.25779349,-4.7711034,"Cornwall",2001,"17/12/2001"
"545","SW2002/11","Balaenoptera acutorostrata","Minke whale",50.01638119,-5.8253936,"Cornwall",2002,"07/01/2002"
"546","SW2002/14a","Balaenoptera acutorostrata","Minke whale",55.68537742,-5.1707517,"North Ayrshire",2002,"09/01/2002"
"547","SW2002/26b","Balaenoptera acutorostrata","Minke whale",55.92672067,-5.5828313,"Argyll and Bute",2002,"19/01/2002"
"548","SW2002/58g","Balaenoptera acutorostrata","Minke whale",56.88747436,-6.1228828,"Highland",2002,"27/01/2002"
"549","SW2002/72","Balaenoptera acutorostrata","Minke whale",52.91084267,-4.1877635,"Gwynedd",2002,"29/01/2002"
"550","SW2002/87b","Balaenoptera acutorostrata","Minke whale",50.32826816,-4.6023448,"Cornwall",2002,"04/02/2002"
"551","SW2002/188a","Balaenoptera acutorostrata","Minke whale",58.37908001,-3.1064387,"Highland",2002,"18/05/2002"
"552","SW2002/209d","Balaenoptera acutorostrata","Minke whale",58.00152584,-3.2318324,"Orkney",2002,"14/06/2002"
"553","SW2002/221b","Balaenoptera acutorostrata","Minke whale",56.00744903,-2.5052168,"East Lothian",2002,"19/06/2002"
"554","SW2002/242a","Balaenoptera acutorostrata","Minke whale",60.22497551,-1.5125719,"Shetland",2002,"30/06/2002"
"555","SW2002/277a","Balaenoptera acutorostrata","Minke whale",57.97235335,-6.4094183,"Western Isles",2002,"24/07/2002"
"556","SW2002/297b","Balaenoptera acutorostrata","Minke whale",58.10327263,-6.3950142,"Western Isles",2002,"20/08/2002"
"557","SW2002/300a","Balaenoptera acutorostrata","Minke whale",56.60263258,-6.3265775,"Argyll and Bute",2002,"22/08/2002"
"558","SW2002/313b","Balaenoptera acutorostrata","Minke whale",58.55922705,-4.7076134,"Highland",2002,"09/09/2002"
"559","SW2002/321b","Balaenoptera acutorostrata","Minke whale",54.17882893,-0.2669018,"North Yorkshire",2002,"24/09/2002"
"560","SW2002/334c","Balaenoptera acutorostrata","Minke whale",56.88072764,-5.9135169,"Highland",2002,"07/10/2002"
"561","SW2002/341c","Balaenoptera acutorostrata","Minke whale",58.2084697,-6.3960984,"Western Isles",2002,"20/10/2002"
"562","SW2002/341d","Balaenoptera acutorostrata","Minke whale",58.36056723,-6.2062411,"Western Isles",2002,"20/10/2002"
"563","SW2002/387","Balaenoptera acutorostrata","Minke whale",50.59754186,-2.4564212,"Dorset",2002,"27/12/2002"
"564","SW2003/36a","Balaenoptera acutorostrata","Minke whale",53.4139095,0.2135071,"Lincolnshire",2003,"11/01/2003"
"565","SW2003/77","Balaenoptera acutorostrata","Minke whale",50.60898264,-1.171737,"Isle of Wight",2003,"22/01/2003"
"566","SW2003/89k","Balaenoptera acutorostrata","Minke whale",58.58841225,-4.7718308,"Highland",2003,"28/01/2003"
"567","SW2003/195","Balaenoptera acutorostrata","Minke whale",53.68928053,-0.5703099,"North Lincolnshire",2003,"06/04/2003"
"568","SW2003/214c","Balaenoptera acutorostrata","Minke whale",56.94811537,-7.4499753,"Western Isles",2003,"19/04/2003"
"569","SW2003/239b","Balaenoptera acutorostrata","Minke whale",55.24722404,-6.4966489,"Antrim",2003,"15/05/2003"
"570","SW2003/245c","Balaenoptera acutorostrata","Minke whale",50.12385579,-5.499465,"Cornwall",2003,"23/05/2003"
"571","SW2003/256b","Balaenoptera acutorostrata","Minke whale",58.80093322,-2.9207849,"Orkney",2003,"02/06/2003"
"572","SW2003/256a","Balaenoptera acutorostrata","Minke whale",49.96505647,-5.1378133,"Cornwall",2003,"04/06/2003"
"573","SW2003/260g","Balaenoptera acutorostrata","Minke whale",57.63163664,-7.1193773,"Western Isles",2003,"11/06/2003"
"574","SW2003/260i","Balaenoptera acutorostrata","Minke whale",58.22596169,-6.3317743,"Western Isles",2003,"13/06/2003"
"575","SW2003/272b","Balaenoptera acutorostrata","Minke whale",55.81082446,-6.4586179,"Argyll and Bute",2003,"26/06/2003"
"576","SW2003/346d","Balaenoptera acutorostrata","Minke whale",57.1990001,-6.3000997,"Highland",2003,"17/09/2003"
"577","SW2003/355e","Balaenoptera acutorostrata","Minke whale",56.18449143,-2.8330173,"Fife",2003,"29/09/2003"
"578","SW2003/366e","Balaenoptera acutorostrata","Minke whale",58.85486577,-2.9152821,"Orkney",2003,"19/10/2003"
"579","SW2003/375","Balaenoptera acutorostrata","Minke whale",53.41397453,-0.7962483,"Nottinghamshire",2003,"06/11/2003"
"580","SW2003/375a","Balaenoptera acutorostrata","Minke whale",59.35716204,-2.8847911,"Orkney",2003,"07/11/2003"
"581","SW2004/29e","Balaenoptera acutorostrata","Minke whale",56.065199,-6.26126,"Argyll and Bute",2004,"20/01/2004"
"582","SW2004/89","Balaenoptera acutorostrata","Minke whale",52.80615967,1.5731078,"Norfolk",2004,"21/02/2004"
"583","SW2004/171g","Balaenoptera acutorostrata","Minke whale",59.36491856,-2.4064221,"Orkney",2004,"28/05/2004"
"584","SW2004/173a","Balaenoptera acutorostrata","Minke whale",58.60743296,-3.6713867,"Highland",2004,"01/06/2004"
"585","SW2004/182a","Balaenoptera acutorostrata","Minke whale",54.38194246,-5.472326,"Down",2004,"10/06/2004"
"586","SW2004/206c","Balaenoptera acutorostrata","Minke whale",57.7082459,-7.0041259,"Western Isles",2004,"26/06/2004"
"587","SW2004/222a","Balaenoptera acutorostrata","Minke whale",57.61919097,-6.3999996,"Highland",2004,"13/07/2004"
"588","SW2004/231a","Balaenoptera acutorostrata","Minke whale",57.01401882,-7.3622938,"Western Isles",2004,"21/07/2004"
"589","SW2004/231b","Balaenoptera acutorostrata","Minke whale",58.95734313,-4.130007,"Orkney",2004,"21/07/2004"
"590","SW2004/238a","Balaenoptera acutorostrata","Minke whale",57.66076801,-7.4341402,"Western Isles",2004,"31/07/2004"
"591","SW2004/269a","Balaenoptera acutorostrata","Minke whale",55.88409365,-6.3469904,"Argyll and Bute",2004,"10/09/2004"
"592","SW2004/307b","Balaenoptera acutorostrata","Minke whale",58.53037224,-4.3961132,"Highland",2004,"07/10/2004"
"593","SW2004/338d","Balaenoptera acutorostrata","Minke whale",60.33722264,-1.1540259,"Shetland",2004,"22/11/2004"
"594","SW2004/339b","Balaenoptera acutorostrata","Minke whale",58.03694616,-6.6904476,"Western Isles",2004,"25/11/2004"
"595","SW2005/166a","Balaenoptera acutorostrata","Minke whale",56.64124669,-6.0894106,"Argyll and Bute",2005,"26/06/2005"
"596","SW2005/198b","Balaenoptera acutorostrata","Minke whale",57.34542703,-6.1175977,"Highland",2005,"26/07/2005"
"597","SW2005/198d","Balaenoptera acutorostrata","Minke whale",57.16325199,-6.105572,"Highland",2005,"26/07/2005"
"598","SW2005/204d","Balaenoptera acutorostrata","Minke whale",56.82020384,-5.8645572,"Highland",2005,"06/08/2005"
"599","SW2005/204f","Balaenoptera acutorostrata","Minke whale",57.6722716,-2.1928157,"Aberdeenshire",2005,"08/08/2005"
"600","SW2005/204g","Balaenoptera acutorostrata","Minke whale",57.74105979,-5.7740932,"Highland",2005,"08/08/2005"
"601","SW2005/302","Balaenoptera acutorostrata","Minke whale",58.7825,-3.2980556,"Orkney",2005,"27/08/2005"
"602","SW2005/226c","Balaenoptera acutorostrata","Minke whale",56.66036121,-6.5488124,"Argyll and Bute",2005,"01/09/2005"
"603","SW2005/247","Balaenoptera acutorostrata","Minke whale",55.58091581,-5.4750339,"Argyll and Bute",2005,"06/10/2005"
"604","SW2005/248a","Balaenoptera acutorostrata","Minke whale",58.88335721,-2.8188762,"Orkney",2005,"08/10/2005"
"605","SW2005/253c","Balaenoptera acutorostrata","Minke whale",56.78248584,-2.3600905,"Aberdeenshire",2005,"15/10/2005"
"606","SW2005/256","Balaenoptera acutorostrata","Minke whale",53.12000332,0.3478432,"Lincolnshire",2005,"18/10/2005"
"607","SW2005/256a","Balaenoptera acutorostrata","Minke whale",56.77885847,-2.3715121,"Aberdeenshire",2005,"19/10/2005"
"608","SW2005/287b","Balaenoptera acutorostrata","Minke whale",57.95145542,-3.992287,"Highland",2005,"08/12/2005"
"609","SW2005/287d","Balaenoptera acutorostrata","Minke whale",58.81113861,-3.1080465,"Orkney",2005,"11/12/2005"
"610","SW2006/3c","Balaenoptera acutorostrata","Minke whale",55.87798999,-6.2903,"Argyll and Bute",2006,"03/01/2006"
"612","SW2006/36b","Balaenoptera acutorostrata","Minke whale",58.01506421,-5.4336148,"Highland",2006,"18/01/2006"
"613","SW2006/91e","Balaenoptera acutorostrata","Minke whale",58.07642952,-5.4581777,"Highland",2006,"16/03/2006"
"614","SW2006/170f","Balaenoptera acutorostrata","Minke whale",58.59039163,-4.7633811,"Highland",2006,"02/06/2006"
"615","SW2006/208a","Balaenoptera acutorostrata","Minke whale",57.11384185,-5.992648,"Highland",2006,"30/07/2006"
"616","SW2006/217","Balaenoptera acutorostrata","Minke whale",54.39251285,-3.4833012,"Cumbria",2006,"13/08/2006"
"617","SW2006/222d","Balaenoptera acutorostrata","Minke whale",56.00653732,-2.5084126,"East Lothian",2006,"16/08/2006"
"618","SW2006/225c","Balaenoptera acutorostrata","Minke whale",58.56944845,-4.0032042,"Highland",2006,"22/08/2006"
"619","SW2006/237","Balaenoptera acutorostrata","Minke whale",51.4427815,0.3917638,"Kent",2006,"31/08/2006"
"620","SW2006/245","Balaenoptera acutorostrata","Minke whale",54.10944419,-0.0785515,"East Riding of Yorkshire",2006,"10/09/2006"
"621","SW2006/245b","Balaenoptera acutorostrata","Minke whale",57.80847991,-7.085466,"Western Isles",2006,"10/09/2006"
"622","SW2006/247b","Balaenoptera acutorostrata","Minke whale",56.25402647,-2.6214525,"Fife",2006,"13/09/2006"
"623","SW2006/253a","Balaenoptera acutorostrata","Minke whale",58.30731981,-3.194655,"Highland",2006,"19/09/2006"
"624","SW2006/254","Balaenoptera acutorostrata","Minke whale",55.15833302,-1.521268,"Northumberland",2006,"21/09/2006"
"625","SW2006/284b","Balaenoptera acutorostrata","Minke whale",55.48487936,-5.71362,"Argyll and Bute",2006,"23/11/2006"
"626","SW2006/285","Balaenoptera acutorostrata","Minke whale",50.5104665,-5.0285374,"Cornwall",2006,"25/11/2006"
"627","SW2006/305a","Balaenoptera acutorostrata","Minke whale",57.14809296,-7.3419887,"Western Isles",2006,"15/12/2006"
"628","SW2007/67","Balaenoptera acutorostrata","Minke whale",52.90997937,-4.2814288,"Gwynedd",2007,"06/03/2007"
"629","SW2007/93a","Balaenoptera acutorostrata","Minke whale",58.93353833,-3.277036,"Orkney",2007,"18/04/2007"
"630","SW2007/100d","Balaenoptera acutorostrata","Minke whale",58.96394722,-3.2903343,"Orkney",2007,"27/04/2007"
"631","SW2007/119a","Balaenoptera acutorostrata","Minke whale",60.13772593,-1.2833932,"Shetland",2007,"10/06/2007"
"632","SW2007/247","Balaenoptera acutorostrata","Minke whale",59.38777778,-2.8811111,"Orkney",2007,"23/06/2007"
"633","SW2007/141","Balaenoptera acutorostrata","Minke whale",55.34189024,-1.5821318,"Northumberland",2007,"12/07/2007"
"634","SW2007/147d","Balaenoptera acutorostrata","Minke whale",58.59604528,-3.0496133,"Highland",2007,"24/07/2007"
"635","SW2007/159j","Balaenoptera acutorostrata","Minke whale",58.21077516,-6.7577139,"Western Isles",2007,"12/08/2007"
"636","SW2007/189","Balaenoptera acutorostrata","Minke whale",51.13101046,-4.2383795,"Devon",2007,"19/09/2007"
"637","SW2007/196a","Balaenoptera acutorostrata","Minke whale",57.79334263,-5.7997629,"Highland",2007,"01/10/2007"
"638","SW2007/212","Balaenoptera acutorostrata","Minke whale",50.04333333,-5.0411111,"Cornwall",2007,"26/10/2007"
"639","SW2007/223b","Balaenoptera acutorostrata","Minke whale",59.205679,-2.8560822,"Orkney",2007,"13/11/2007"
"640","SW2008/4d","Balaenoptera acutorostrata","Minke whale",55.62437952,-6.1846078,"Argyll and Bute",2008,"14/01/2008"
"641","SW2008/5f","Balaenoptera acutorostrata","Minke whale",59.32941096,-2.9965608,"Orkney",2008,"16/01/2008"
"642","SW2008/26d","Balaenoptera acutorostrata","Minke whale",57.88562578,-6.7196701,"Western Isles",2008,"12/02/2008"
"643","SW2008/47a","Balaenoptera acutorostrata","Minke whale",57.49633427,-6.3634632,"Highland",2008,"13/03/2008"
"644","SW2008/53b","Balaenoptera acutorostrata","Minke whale",54.80262631,-4.6762884,"Dumfries and Galloway",2008,"31/03/2008"
"645","SW2008/61c","Balaenoptera acutorostrata","Minke whale",58.87482843,-2.8863219,"Orkney",2008,"12/04/2008"
"646","SW2008/64e","Balaenoptera acutorostrata","Minke whale",58.36944444,-6.5433333,"Western Isles",2008,"19/04/2008"
"647","SW2008/89c","Balaenoptera acutorostrata","Minke whale",57.93181643,-5.386783,"Highland",2008,"29/05/2008"
"648","SW2008/99e","Balaenoptera acutorostrata","Minke whale",58.48950566,-6.2233878,"Western Isles",2008,"17/06/2008"
"649","SW2008/120d","Balaenoptera acutorostrata","Minke whale",58.58758919,-4.7683234,"Highland",2008,"15/07/2008"
"650","SW2008/145c","Balaenoptera acutorostrata","Minke whale",60.14122773,-1.1194465,"Shetland",2008,"07/08/2008"
"651","SW2008/158c","Balaenoptera acutorostrata","Minke whale",58.618679,-3.34877,"Highland",2008,"20/08/2008"
"652","SW2008/160a","Balaenoptera acutorostrata","Minke whale",57.16528613,-6.312734,"Highland",2008,"21/08/2008"
"653","SW2008/164a","Balaenoptera acutorostrata","Minke whale",59.09901699,-3.3460383,"Orkney",2008,"26/08/2008"
"654","SW2008/166a","Balaenoptera acutorostrata","Minke whale",53.55959569,-3.1127578,"Sefton",2008,"30/08/2008"
"655","SW2008/177","Balaenoptera acutorostrata","Minke whale",55.24110614,-1.5454402,"Northumberland",2008,"17/09/2008"
"656","SW2008/181a","Balaenoptera acutorostrata","Minke whale",59.12790907,-3.0361331,"Orkney",2008,"26/09/2008"
"657","SW2008/189a","Balaenoptera acutorostrata","Minke whale",58.643336,-3.148934,"Highland",2008,"12/10/2008"
"658","SW2008/207c","Balaenoptera acutorostrata","Minke whale",56.18697676,-2.8636878,"Fife",2008,"23/11/2008"
"659","SW2009/23","Balaenoptera acutorostrata","Minke whale",57.10722222,-5.9855556,"Highland",2009,"13/01/2009"
"660","SW2009/29","Balaenoptera acutorostrata","Minke whale",54.16388889,-4.4666667,"Isle of Man",2009,"26/01/2009"
"661","SW2009/170","Balaenoptera acutorostrata","Minke whale",57.05638889,-6.3233333,"Highland",2009,"20/05/2009"
"662","SW2009/200","Balaenoptera acutorostrata","Minke whale",56.59861111,-6.545,"Argyll and Bute",2009,"10/06/2009"
"663","SW2009/209","Balaenoptera acutorostrata","Minke whale",57.99555556,-7.0919444,"Western Isles",2009,"25/06/2009"
"664","SW2009/259","Balaenoptera acutorostrata","Minke whale",55.30944444,-5.6455556,"Argyll and Bute",2009,"01/08/2009"
"665","SW2009/271","Balaenoptera acutorostrata","Minke whale",58.25665,-6.0178667,"At sea",2009,"13/08/2009"
"666","SW2009/280","Balaenoptera acutorostrata","Minke whale",59.17083333,-2.9280556,"Orkney",2009,"17/08/2009"
"667","SW2009/299","Balaenoptera acutorostrata","Minke whale",57.79916667,-6.8702778,"Western Isles",2009,"09/09/2009"
"668","SW2010/33","Balaenoptera acutorostrata","Minke whale",58.21861111,-6.2561111,"Western Isles",2010,"19/01/2010"
"669","SW2010/114","Balaenoptera acutorostrata","Minke whale",58.1975,-6.3541667,"Western Isles",2010,"28/03/2010"
"670","SW2010/116","Balaenoptera acutorostrata","Minke whale",56.74472222,-2.4341667,"Tayside",2010,"31/03/2010"
"671","SW2010/141","Balaenoptera acutorostrata","Minke whale",57.62888889,-1.3611111,"At sea",2010,"26/04/2010"
"672","SW2010/142","Balaenoptera acutorostrata","Minke whale",56.01388889,-3.6672222,"Falkirk",2010,"27/04/2010"
"673","SW2010/175","Balaenoptera acutorostrata","Minke whale",55.92416667,-5.205,"Argyll and Bute",2010,"10/06/2010"
"674","SW2010/224","Balaenoptera acutorostrata","Minke whale",56.89555556,-2.2141667,"Aberdeenshire",2010,"19/07/2010"
"675","SW2010/251","Balaenoptera acutorostrata","Minke whale",54.85416667,-3.8138889,"Dumfries and Galloway",2010,"30/07/2010"
"676","SW2010/279","Balaenoptera acutorostrata","Minke whale",57.36333333,-6.4677778,"Highland",2010,"14/08/2010"
"677","SW2010/261","Balaenoptera acutorostrata","Minke whale",57.33888889,-6.1055556,"Highland",2010,"17/08/2010"
"678","SW2010/303","Balaenoptera acutorostrata","Minke whale",54.24,-5.7811111,"Down",2010,"18/08/2010"
"679","SW2010/262","Balaenoptera acutorostrata","Minke whale",52.89361111,-4.3255556,"Gwynedd",2010,"22/08/2010"
"680","SW2010/309","Balaenoptera acutorostrata","Minke whale",57.3525,-7.4052778,"Western Isles",2010,"15/09/2010"
"681","SW2010/321","Balaenoptera acutorostrata","Minke whale",58.93722222,-3.0675,"Orkney",2010,"28/09/2010"
"682","SW2010/371","Balaenoptera acutorostrata","Minke whale",58.91666667,-3.1677778,"Orkney",2010,"26/10/2010"
"683","SW2010/412","Balaenoptera acutorostrata","Minke whale",58.60055556,-3.3586111,"Highland",2010,"21/12/2010"
"684","SW2011/23","Balaenoptera acutorostrata","Minke whale",59.27361111,-2.9080556,"Orkney",2011,"18/01/2011"
"685","SW2011/40","Balaenoptera acutorostrata","Minke whale",56.67611111,-6.52,"Argyll and Bute",2011,"26/01/2011"
"686","SW2011/142","Balaenoptera acutorostrata","Minke whale",58.89666667,-2.8702778,"Orkney",2011,"01/04/2011"
"687","SW2011/179","Balaenoptera acutorostrata","Minke whale",59.05694444,-3.3347222,"Orkney",2011,"26/04/2011"
"688","SW2011/229","Balaenoptera acutorostrata","Minke whale",58.47722222,-5.0866667,"Highland",2011,"20/05/2011"
"689","SW2011/230","Balaenoptera acutorostrata","Minke whale",58.20694444,-6.2888889,"Western Isles",2011,"20/05/2011"
"690","SW2011/501","Balaenoptera acutorostrata","Minke whale",57.65722222,-7.0466667,"Western Isles",2011,"27/05/2011"
"691","SW2011/272","Balaenoptera acutorostrata","Minke whale",56.60361111,-2.5025,"Aberdeenshire",2011,"07/06/2011"
"692","SW2011/316","Balaenoptera acutorostrata","Minke whale",57.94388889,-6.9391667,"Western Isles",2011,"28/07/2011"
"694","SW2011/466","Balaenoptera acutorostrata","Minke whale",55.8358,-5.22507,"Argyll and Bute",2011,"17/10/2011"
"695","SW2011/507","Balaenoptera acutorostrata","Minke whale",58.4309,-3.0551,"At sea",2011,"06/11/2011"
"696","SW2011/558","Balaenoptera acutorostrata","Minke whale",57.21305556,-7.4244444,"Western Isles",2011,"02/12/2011"
"697","SW2011/589","Balaenoptera acutorostrata","Minke whale",51.38277778,1.3105556,"Kent",2011,"30/12/2011"
"698","SW2012/134","Balaenoptera acutorostrata","Minke whale",53.57388889,0.1061111,"East Riding of Yorkshire",2012,"01/04/2012"
"699","SW2012/167","Balaenoptera acutorostrata","Minke whale",56.06,-2.7186111,"East Lothian",2012,"03/04/2012"
"700","SW2012/281","Balaenoptera acutorostrata","Minke whale",57.65777778,-6.0341667,"Highland",2012,"03/07/2012"
"701","SW2012/310","Balaenoptera acutorostrata","Minke whale",58.22111111,-6.7697222,"Western Isles",2012,"17/07/2012"
"702","SW2012/348","Balaenoptera acutorostrata","Minke whale",55.88027778,-4.8894444,"Argyll and Bute",2012,"28/07/2012"
"703","SW2012/554","Balaenoptera acutorostrata","Minke whale",57.45444444,-6.0152778,"Highland",2012,"01/08/2012"
"704","SW2012/381","Balaenoptera acutorostrata","Minke whale",57.04777778,-7.1294444,"Western Isles",2012,"08/08/2012"
"705","SW2012/388","Balaenoptera acutorostrata","Minke whale",58.08634,-5.838816,"Highland",2012,"22/08/2012"
"706","SW2012/385","Balaenoptera acutorostrata","Minke whale",58.49138889,-6.2272222,"Western Isles",2012,"27/08/2012"
"707","SW2012/397","Balaenoptera acutorostrata","Minke whale",56.61555556,-2.4819444,"Angus",2012,"01/09/2012"
"708","SW2012/393","Balaenoptera acutorostrata","Minke whale",57.86277778,-6.9930556,"Western Isles",2012,"12/09/2012"
"709","SW2012/506","Balaenoptera acutorostrata","Minke whale",50.12305556,-5.4716667,"Cornwall",2012,"30/11/2012"
"710","SW2013/234","Balaenoptera acutorostrata","Minke whale",57.35,-1.9277778,"Aberdeenshire",2013,"26/04/2013"
"711","SW2013/293","Balaenoptera acutorostrata","Minke whale",57.86527778,-5.5208333,"Highland",2013,"23/05/2013"
"712","SW2013/331","Balaenoptera acutorostrata","Minke whale",52.94083333,0.4830556,"Norfolk",2013,"15/06/2013"
"713","SW2013/351","Balaenoptera acutorostrata","Minke whale",51.45527778,0.3511111,"Essex",2013,"04/07/2013"
"714","SW2013/352","Balaenoptera acutorostrata","Minke whale",53.4825,-3.0811111,"Liverpool",2013,"06/07/2013"
"715","SW2013/634","Balaenoptera acutorostrata","Minke whale",57.52555556,-7.6505556,"Western Isles",2013,"08/07/2013"
"716","SW2013/377","Balaenoptera acutorostrata","Minke whale",58.59694444,-3.52,"Highland",2013,"09/07/2013"
"717","SW2013/375","Balaenoptera acutorostrata","Minke whale",54.26972222,-0.3516667,"North Yorkshire",2013,"10/07/2013"
"718","SW2013/474","Balaenoptera acutorostrata","Minke whale",56.04916667,-3.5627778,"Fife",2013,"06/09/2013"
"719","SW2013/476","Balaenoptera acutorostrata","Minke whale",50.27277778,-3.8802778,"Devon",2013,"16/09/2013"
"720","SW2013/480","Balaenoptera acutorostrata","Minke whale",58.53361111,-4.4263889,"Highland",2013,"17/09/2013"
"721","SW2013/499","Balaenoptera acutorostrata","Minke whale",53.56916667,-0.0316667,"North East Lincolshire",2013,"13/10/2013"
"722","SW2013/518","Balaenoptera acutorostrata","Minke whale",58.97194444,-3.3519444,"Orkney",2013,"28/10/2013"
"723","SW2013/617","Balaenoptera acutorostrata","Minke whale",55.18,-6.9308333,"Derry",2013,"18/11/2013"
"724","SW2013/559","Balaenoptera acutorostrata","Minke whale",52.93166667,1.3038889,"Norfolk",2013,"22/11/2013"
"725","SW2013/562","Balaenoptera acutorostrata","Minke whale",52.79472222,1.5947222,"Norfolk",2013,"23/11/2013"
"726","SW2013/569","Balaenoptera acutorostrata","Minke whale",59.2825,-2.9502778,"Orkney",2013,"29/11/2013"
"727","SW2014/159","Balaenoptera acutorostrata","Minke whale",57.60055556,-7.5380556,"Western Isles",2014,"16/05/2014"
"728","SW2014/162","Balaenoptera acutorostrata","Minke whale",55.45833333,-5.5066667,"Argyll and Bute",2014,"20/05/2014"
"729","SW2014/383","Balaenoptera acutorostrata","Minke whale",54.04055556,-4.6025,"Isle of Man",2014,"29/06/2014"
"730","SW2014/216","Balaenoptera acutorostrata","Minke whale",54.42944444,-3.53,"Cumbria",2014,"08/07/2014"
"731","SW2014/357","Balaenoptera acutorostrata","Minke whale",54.18361111,-4.7255556,"Isle of Man",2014,"12/07/2014"
"732","SW2014/259","Balaenoptera acutorostrata","Minke whale",60.29333333,-1.5686111,"Shetland",2014,"05/08/2014"
"733","SW2014/287","Balaenoptera acutorostrata","Minke whale",56.74722222,-6.1830556,"Highland",2014,"16/08/2014"
"734","SW2014/294","Balaenoptera acutorostrata","Minke whale",60.11972222,-1.1211111,"Shetland",2014,"18/08/2014"
"735","SW2014/297","Balaenoptera acutorostrata","Minke whale",56.51666667,-6.9761111,"Argyll and Bute",2014,"21/08/2014"
"736","SW2014/321","Balaenoptera acutorostrata","Minke whale",57.67666667,-2.5680556,"Aberdeenshire",2014,"07/09/2014"
"737","SW2014/371","Balaenoptera acutorostrata","Minke whale",56.05666667,-3.5747222,"Fife",2014,"07/10/2014"
"738","SW2014/386","Balaenoptera acutorostrata","Minke whale",55.69583333,-6.2802778,"Argyll and Bute",2014,"08/10/2014"
"739","SW2014/385","Balaenoptera acutorostrata","Minke whale",57.525,-6.6933333,"Highland",2014,"11/10/2014"
"740","SW2014/444","Balaenoptera acutorostrata","Minke whale",57.66666667,-8.15,"Western Isles",2014,"12/10/2014"
"741","SW2014/577","Balaenoptera acutorostrata","Minke whale",50.29027778,-4.7788889,"Cornwall",2014,"29/11/2014"
"742","SW2015/178","Balaenoptera acutorostrata","Minke whale",55.07138889,-7.0205556,"Derry",2015,"29/05/2015"
"743","SW2015/248","Balaenoptera acutorostrata","Minke whale",55.68,-6.4716667,"Argyll and Bute",2015,"31/05/2015"
"744","SW2015/192","Balaenoptera acutorostrata","Minke whale",55.68583333,-6.2677778,"Argyll and Bute",2015,"02/06/2015"
"745","SW2015/199","Balaenoptera acutorostrata","Minke whale",57.76722222,-6.9088889,"Western Isles",2015,"16/06/2015"
"746","SW2015/208","Balaenoptera acutorostrata","Minke whale",60.74027778,-0.9597222,"Shetland",2015,"25/06/2015"
"747","SW2015/257","Balaenoptera acutorostrata","Minke whale",57.05194444,-6.5583333,"Highland",2015,"19/07/2015"
"748","SW2015/304","Balaenoptera acutorostrata","Minke whale",53.57916667,0.1208333,"East Riding of Yorkshire",2015,"21/08/2015"
"749","SW2015/320","Balaenoptera acutorostrata","Minke whale",56.83388889,-5.8383333,"Highland",2015,"26/08/2015"
"750","SW2015/348","Balaenoptera acutorostrata","Minke whale",54.63166667,-0.9008333,"Redcar and Cleveland",2015,"01/10/2015"
"751","SW2015/357","Balaenoptera acutorostrata","Minke whale",57.07666667,-6.0102778,"Highland",2015,"08/10/2015"
"752","SW2015/358","Balaenoptera acutorostrata","Minke whale",57.715,-3.4055556,"Moray",2015,"10/10/2015"
"753","SW2015/376","Balaenoptera acutorostrata","Minke whale",56.94305556,-6.1416667,"Highland",2015,"14/10/2015"
"754","SW2015/366","Balaenoptera acutorostrata","Minke whale",52.92361111,1.3302778,"Norfolk",2015,"16/10/2015"
"755","SW2015/367","Balaenoptera acutorostrata","Minke whale",53.83611111,-0.0888889,"East Riding of Yorkshire",2015,"18/10/2015"
"756","SW2015/408","Balaenoptera acutorostrata","Minke whale",55.89972222,-4.8902778,"Inverclyde",2015,"27/11/2015"
"757","SW2015/428","Balaenoptera acutorostrata","Minke whale",58.82055556,-3.1697222,"Orkney",2015,"06/12/2015"
"758","SW2015/442","Balaenoptera acutorostrata","Minke whale",56.55222222,-6.7522222,"Argyll and Bute",2015,"22/12/2015"
"759","SW2015/443","Balaenoptera acutorostrata","Minke whale",56.06722222,-3.7255556,"Fife",2015,"28/12/2015"
