,Year,Species,Total_events
1,1913,Balaenoptera acutorostrata,4
2,1913,Balaenoptera borealis,1
3,1913,Balaenoptera physalus,2
4,1913,Delphinus delphis,5
5,1913,Globicephala melas,1
6,1913,Grampus griseus,2
7,1913,Hyperoodon ampullatus,2
8,1913,Lagenorhynchus acutus,1
9,1913,Lagenorhynchus albirostris,1
10,1913,Phocoena phocoena,5
11,1913,Physeter macrocephalus,1
12,1913,Ziphius cavirostris,1
13,1914,Balaenoptera borealis,2
14,1914,Balaenoptera physalus,3
15,1914,Delphinus delphis,5
16,1914,Globicephala melas,1
17,1914,Hyperoodon ampullatus,5
18,1914,Lagenorhynchus albirostris,4
19,1914,Mesoplodon bidens,1
20,1914,Phocoena phocoena,19
21,1914,Tursiops truncatus,3
22,1915,Balaenoptera acutorostrata,2
23,1915,Balaenoptera physalus,1
24,1915,Delphinus delphis,3
25,1915,Globicephala melas,1
26,1915,Lagenorhynchus albirostris,1
27,1915,Mesoplodon bidens,1
28,1915,Phocoena phocoena,7
29,1915,Tursiops truncatus,1
30,1915,Ziphius cavirostris,2
31,1916,Balaenoptera acutorostrata,4
32,1916,Balaenoptera musculus,1
33,1916,Balaenoptera physalus,1
34,1916,Delphinus delphis,1
35,1916,Hyperoodon ampullatus,2
36,1916,Lagenorhynchus acutus,1
37,1916,Lagenorhynchus albirostris,1
38,1916,Mesoplodon bidens,1
39,1916,Orcinus orca,1
40,1916,Phocoena phocoena,5
41,1916,Physeter macrocephalus,1
42,1916,Tursiops truncatus,3
43,1916,Ziphius cavirostris,2
44,1917,Balaenoptera acutorostrata,2
45,1917,Balaenoptera physalus,1
46,1917,Delphinus delphis,3
47,1917,Grampus griseus,1
48,1917,Hyperoodon ampullatus,3
49,1917,Lagenorhynchus acutus,1
50,1917,Lagenorhynchus albirostris,2
51,1917,Mesoplodon mirus,1
52,1917,Phocoena phocoena,5
53,1917,Physeter macrocephalus,1
54,1917,Tursiops truncatus,3
55,1918,Balaenoptera acutorostrata,5
56,1918,Balaenoptera physalus,4
57,1918,Delphinus delphis,6
58,1918,Globicephala melas,3
59,1918,Hyperoodon ampullatus,2
60,1918,Lagenorhynchus acutus,1
61,1918,Lagenorhynchus albirostris,4
62,1918,Orcinus orca,3
63,1918,Phocoena phocoena,4
64,1918,Tursiops truncatus,11
65,1919,Balaenoptera acutorostrata,3
66,1919,Balaenoptera physalus,1
67,1919,Delphinus delphis,1
68,1919,Grampus griseus,1
69,1919,Lagenorhynchus acutus,1
70,1919,Lagenorhynchus albirostris,2
71,1919,Phocoena phocoena,5
72,1919,Ziphius cavirostris,1
73,1920,Balaenoptera musculus,2
74,1920,Balaenoptera physalus,1
75,1920,Delphinus delphis,1
76,1920,Globicephala melas,1
77,1920,Grampus griseus,1
78,1920,Lagenorhynchus albirostris,2
79,1920,Phocoena phocoena,10
80,1920,Tursiops truncatus,3
81,1920,Ziphius cavirostris,3
82,1921,Balaenoptera physalus,4
83,1921,Delphinus delphis,7
84,1921,Grampus griseus,1
85,1921,Lagenorhynchus albirostris,1
86,1921,Phocoena phocoena,8
87,1921,Tursiops truncatus,1
88,1922,Balaenoptera acutorostrata,1
89,1922,Balaenoptera physalus,2
90,1922,Delphinus delphis,1
91,1922,Grampus griseus,1
92,1922,Hyperoodon ampullatus,1
93,1922,Lagenorhynchus albirostris,3
94,1922,Phocoena phocoena,9
95,1923,Balaenoptera musculus,1
96,1923,Balaenoptera physalus,2
97,1923,Delphinus delphis,1
98,1923,Grampus griseus,1
99,1923,Hyperoodon ampullatus,2
100,1923,Lagenorhynchus albirostris,2
101,1923,Mesoplodon bidens,1
102,1923,Phocoena phocoena,4
103,1923,Stenella coeruleoalba,1
104,1924,Balaenoptera acutorostrata,2
105,1924,Balaenoptera physalus,2
106,1924,Delphinus delphis,2
107,1924,Globicephala melas,1
108,1924,Hyperoodon ampullatus,1
109,1924,Lagenorhynchus acutus,1
110,1924,Lagenorhynchus albirostris,5
111,1924,Orcinus orca,1
112,1924,Phocoena phocoena,11
113,1924,Tursiops truncatus,2
114,1925,Balaenoptera acutorostrata,3
115,1925,Balaenoptera borealis,2
116,1925,Balaenoptera physalus,1
117,1925,Delphinus delphis,4
118,1925,Hyperoodon ampullatus,1
119,1925,Lagenorhynchus acutus,1
120,1925,Lagenorhynchus albirostris,2
121,1925,Phocoena phocoena,9
122,1925,Tursiops truncatus,1
123,1926,Balaenoptera acutorostrata,5
124,1926,Balaenoptera physalus,1
125,1926,Delphinus delphis,5
126,1926,Globicephala melas,1
127,1926,Grampus griseus,1
128,1926,Hyperoodon ampullatus,2
129,1926,Lagenorhynchus acutus,1
130,1926,Lagenorhynchus albirostris,4
131,1926,Mesoplodon bidens,1
132,1926,Orcinus orca,2
133,1926,Phocoena phocoena,13
134,1926,Tursiops truncatus,2
135,1926,Ziphius cavirostris,3
136,1927,Balaenoptera acutorostrata,2
137,1927,Delphinus delphis,7
138,1927,Grampus griseus,2
139,1927,Hyperoodon ampullatus,1
140,1927,Lagenorhynchus acutus,1
141,1927,Lagenorhynchus albirostris,2
142,1927,Orcinus orca,3
143,1927,Phocoena phocoena,10
144,1927,Pseudorca crassidens,3
145,1927,Tursiops truncatus,4
146,1927,Ziphius cavirostris,1
147,1928,Balaenoptera acutorostrata,3
148,1928,Globicephala melas,1
149,1928,Grampus griseus,3
150,1928,Lagenorhynchus acutus,1
151,1928,Lagenorhynchus albirostris,3
152,1928,Mesoplodon bidens,1
153,1928,Phocoena phocoena,14
154,1928,Tursiops truncatus,11
155,1929,Balaenoptera acutorostrata,3
156,1929,Balaenoptera borealis,1
157,1929,Balaenoptera physalus,1
158,1929,Delphinus delphis,3
159,1929,Grampus griseus,1
160,1929,Lagenorhynchus acutus,2
161,1929,Phocoena phocoena,14
162,1929,Tursiops truncatus,2
163,1929,Ziphius cavirostris,3
164,1930,Balaenoptera acutorostrata,1
165,1930,Balaenoptera physalus,1
166,1930,Delphinus delphis,1
167,1930,Globicephala melas,1
168,1930,Grampus griseus,1
169,1930,Hyperoodon ampullatus,1
170,1930,Lagenorhynchus acutus,1
171,1930,Phocoena phocoena,7
172,1930,Tursiops truncatus,3
173,1930,Ziphius cavirostris,1
174,1931,Balaenoptera acutorostrata,1
175,1931,Delphinus delphis,2
176,1931,Globicephala melas,1
177,1931,Grampus griseus,1
178,1931,Hyperoodon ampullatus,1
179,1931,Lagenorhynchus albirostris,2
180,1931,Phocoena phocoena,7
181,1931,Tursiops truncatus,4
182,1931,Ziphius cavirostris,1
183,1932,Balaenoptera acutorostrata,4
184,1932,Balaenoptera physalus,1
185,1932,Delphinus delphis,4
186,1932,Globicephala melas,3
187,1932,Hyperoodon ampullatus,2
188,1932,Lagenorhynchus albirostris,1
189,1932,Mesoplodon bidens,1
190,1932,Orcinus orca,2
191,1932,Phocoena phocoena,21
192,1932,Tursiops truncatus,2
193,1932,Ziphius cavirostris,2
194,1933,Balaenoptera acutorostrata,2
195,1933,Delphinus delphis,5
196,1933,Globicephala melas,2
197,1933,Grampus griseus,5
198,1933,Lagenorhynchus acutus,2
199,1933,Lagenorhynchus albirostris,4
200,1933,Mesoplodon bidens,1
201,1933,Phocoena phocoena,18
202,1933,Tursiops truncatus,5
203,1933,Ziphius cavirostris,1
204,1934,Balaenoptera acutorostrata,1
205,1934,Delphinus delphis,6
206,1934,Globicephala melas,1
207,1934,Grampus griseus,2
208,1934,Hyperoodon ampullatus,3
209,1934,Lagenorhynchus albirostris,2
210,1934,Phocoena phocoena,24
211,1934,Physeter macrocephalus,1
212,1934,Pseudorca crassidens,4
213,1934,Stenella coeruleoalba,1
214,1934,Tursiops truncatus,6
215,1934,Ziphius cavirostris,2
216,1935,Balaenoptera acutorostrata,3
217,1935,Delphinus delphis,8
218,1935,Globicephala melas,1
219,1935,Grampus griseus,2
220,1935,Lagenorhynchus albirostris,2
221,1935,Mesoplodon mirus,1
222,1935,Orcinus orca,1
223,1935,Phocoena phocoena,18
224,1935,Pseudorca crassidens,11
225,1935,Tursiops truncatus,5
226,1935,Ziphius cavirostris,3
227,1936,Balaenoptera acutorostrata,1
228,1936,Delphinus delphis,2
229,1936,Globicephala melas,1
230,1936,Grampus griseus,1
231,1936,Hyperoodon ampullatus,3
232,1936,Lagenorhynchus albirostris,3
233,1936,Phocoena phocoena,18
234,1936,Physeter macrocephalus,1
235,1936,Tursiops truncatus,4
236,1937,Balaenoptera acutorostrata,1
237,1937,Delphinus delphis,9
238,1937,Grampus griseus,1
239,1937,Hyperoodon ampullatus,1
240,1937,Lagenorhynchus albirostris,3
241,1937,Orcinus orca,1
242,1937,Phocoena phocoena,14
243,1937,Physeter macrocephalus,1
244,1937,Stenella coeruleoalba,1
245,1937,Tursiops truncatus,1
246,1938,Balaenoptera acutorostrata,3
247,1938,Delphinus delphis,5
248,1938,Grampus griseus,4
249,1938,Hyperoodon ampullatus,4
250,1938,Mesoplodon bidens,1
251,1938,Phocoena phocoena,12
252,1938,Physeter macrocephalus,1
253,1938,Tursiops truncatus,3
254,1939,Balaenoptera acutorostrata,3
255,1939,Delphinus delphis,2
256,1939,Grampus griseus,5
257,1939,Hyperoodon ampullatus,3
258,1939,Lagenorhynchus albirostris,2
259,1939,Mesoplodon bidens,1
260,1939,Phocoena phocoena,15
261,1939,Physeter macrocephalus,1
262,1939,Stenella coeruleoalba,1
263,1939,Tursiops truncatus,6
264,1940,Balaenoptera acutorostrata,2
265,1940,Delphinus delphis,2
266,1940,Grampus griseus,2
267,1940,Mesoplodon bidens,1
268,1940,Orcinus orca,1
269,1940,Phocoena phocoena,5
270,1940,Tursiops truncatus,5
271,1941,Balaenoptera acutorostrata,2
272,1941,Delphinus delphis,1
273,1941,Grampus griseus,3
274,1941,Hyperoodon ampullatus,3
275,1941,Lagenorhynchus acutus,2
276,1941,Lagenorhynchus albirostris,1
277,1941,Orcinus orca,4
278,1941,Phocoena phocoena,3
279,1941,Tursiops truncatus,4
280,1942,Balaenoptera acutorostrata,1
281,1942,Balaenoptera physalus,1
282,1942,Delphinus delphis,1
283,1942,Globicephala melas,2
284,1942,Hyperoodon ampullatus,3
285,1942,Orcinus orca,1
286,1942,Phocoena phocoena,1
287,1942,Tursiops truncatus,3
288,1943,Balaenoptera acutorostrata,4
289,1943,Balaenoptera physalus,1
290,1943,Delphinus delphis,2
291,1943,Grampus griseus,1
292,1943,Hyperoodon ampullatus,1
293,1943,Lagenorhynchus albirostris,1
294,1943,Mesoplodon bidens,1
295,1943,Orcinus orca,4
296,1943,Phocoena phocoena,4
297,1943,Physeter macrocephalus,1
298,1943,Ziphius cavirostris,1
299,1944,Balaenoptera acutorostrata,1
300,1944,Balaenoptera physalus,2
301,1944,Delphinus delphis,2
302,1944,Globicephala melas,2
303,1944,Grampus griseus,1
304,1944,Hyperoodon ampullatus,1
305,1944,Lagenorhynchus albirostris,1
306,1944,Orcinus orca,4
307,1944,Phocoena phocoena,6
308,1944,Tursiops truncatus,2
309,1944,Ziphius cavirostris,2
310,1945,Balaenoptera acutorostrata,1
311,1945,Delphinus delphis,1
312,1945,Globicephala melas,1
313,1945,Grampus griseus,1
314,1945,Orcinus orca,1
315,1945,Phocoena phocoena,8
316,1945,Tursiops truncatus,8
317,1946,Balaenoptera acutorostrata,1
318,1946,Delphinus delphis,1
319,1946,Grampus griseus,3
320,1946,Hyperoodon ampullatus,2
321,1946,Lagenorhynchus acutus,1
322,1946,Lagenorhynchus albirostris,1
323,1946,Phocoena phocoena,6
324,1946,Physeter macrocephalus,2
325,1946,Tursiops truncatus,2
326,1947,Balaenoptera acutorostrata,5
327,1947,Delphinus delphis,3
328,1947,Globicephala melas,2
329,1947,Grampus griseus,1
330,1947,Hyperoodon ampullatus,2
331,1947,Lagenorhynchus albirostris,1
332,1947,Phocoena phocoena,10
333,1947,Tursiops truncatus,2
334,1948,Balaenoptera acutorostrata,5
335,1948,Balaenoptera borealis,1
336,1948,Balaenoptera physalus,1
337,1948,Hyperoodon ampullatus,2
338,1948,Lagenorhynchus albirostris,1
339,1948,Mesoplodon bidens,1
340,1948,Phocoena phocoena,8
341,1948,Tursiops truncatus,3
342,1949,Balaenoptera borealis,1
343,1949,Balaenoptera physalus,1
344,1949,Grampus griseus,2
345,1949,Hyperoodon ampullatus,2
346,1949,Lagenorhynchus acutus,1
347,1949,Lagenorhynchus albirostris,1
348,1949,Mesoplodon bidens,2
349,1949,Phocoena phocoena,5
350,1949,Tursiops truncatus,3
351,1949,Ziphius cavirostris,1
352,1950,Balaenoptera acutorostrata,2
353,1950,Delphinus delphis,3
354,1950,Globicephala melas,8
355,1950,Grampus griseus,3
356,1950,Lagenorhynchus albirostris,1
357,1950,Phocoena phocoena,8
358,1950,Tursiops truncatus,2
359,1951,Balaenoptera acutorostrata,3
360,1951,Delphinus delphis,1
361,1951,Globicephala melas,1
362,1951,Grampus griseus,4
363,1951,Hyperoodon ampullatus,1
364,1951,Lagenorhynchus albirostris,1
365,1951,Phocoena phocoena,9
366,1951,Tursiops truncatus,3
367,1952,Balaenoptera acutorostrata,6
368,1952,Delphinus delphis,2
369,1952,Grampus griseus,1
370,1952,Hyperoodon ampullatus,1
371,1952,Lagenorhynchus acutus,1
372,1952,Lagenorhynchus albirostris,1
373,1952,Mesoplodon bidens,1
374,1952,Phocoena phocoena,4
375,1952,Physeter macrocephalus,1
376,1952,Tursiops truncatus,4
377,1953,Balaenoptera acutorostrata,4
378,1953,Delphinus delphis,1
379,1953,Globicephala melas,3
380,1953,Hyperoodon ampullatus,1
381,1953,Lagenorhynchus albirostris,1
382,1953,Phocoena phocoena,9
383,1953,Tursiops truncatus,3
384,1954,Balaenoptera acutorostrata,2
385,1954,Grampus griseus,2
386,1954,Hyperoodon ampullatus,1
387,1954,Mesoplodon bidens,2
388,1954,Orcinus orca,2
389,1954,Phocoena phocoena,11
390,1954,Tursiops truncatus,5
391,1955,Globicephala melas,3
392,1955,Hyperoodon ampullatus,1
393,1955,Lagenorhynchus albirostris,1
394,1955,Phocoena phocoena,14
395,1955,Physeter macrocephalus,1
396,1955,Tursiops truncatus,2
397,1956,Balaenoptera acutorostrata,2
398,1956,Delphinus delphis,3
399,1956,Globicephala melas,4
400,1956,Hyperoodon ampullatus,2
401,1956,Lagenorhynchus acutus,1
402,1956,Lagenorhynchus albirostris,3
403,1956,Orcinus orca,1
404,1956,Phocoena phocoena,18
405,1956,Tursiops truncatus,2
406,1957,Balaenoptera acutorostrata,3
407,1957,Balaenoptera musculus,1
408,1957,Globicephala melas,2
409,1957,Orcinus orca,1
410,1957,Phocoena phocoena,18
411,1957,Tursiops truncatus,9
412,1957,Ziphius cavirostris,1
413,1958,Hyperoodon ampullatus,2
414,1958,Orcinus orca,1
415,1958,Phocoena phocoena,8
416,1958,Physeter macrocephalus,1
417,1958,Tursiops truncatus,2
418,1959,Balaenoptera acutorostrata,1
419,1959,Delphinus delphis,1
420,1959,Globicephala melas,2
421,1959,Hyperoodon ampullatus,1
422,1959,Lagenorhynchus acutus,1
423,1959,Lagenorhynchus albirostris,1
424,1959,Mesoplodon bidens,1
425,1959,Phocoena phocoena,13
426,1959,Tursiops truncatus,4
427,1960,Balaenoptera acutorostrata,1
428,1960,Delphinus delphis,1
429,1960,Globicephala melas,4
430,1960,Grampus griseus,3
431,1960,Hyperoodon ampullatus,1
432,1960,Lagenorhynchus albirostris,2
433,1960,Phocoena phocoena,17
434,1960,Tursiops truncatus,4
435,1961,Balaenoptera acutorostrata,1
436,1961,Delphinus delphis,1
437,1961,Globicephala melas,5
438,1961,Lagenorhynchus albirostris,1
439,1961,Mesoplodon bidens,3
440,1961,Orcinus orca,1
441,1961,Phocoena phocoena,8
442,1961,Tursiops truncatus,6
443,1961,Ziphius cavirostris,1
444,1962,Balaenoptera acutorostrata,2
445,1962,Balaenoptera physalus,1
446,1962,Delphinus delphis,3
447,1962,Globicephala melas,1
448,1962,Hyperoodon ampullatus,1
449,1962,Phocoena phocoena,5
450,1962,Tursiops truncatus,1
451,1962,Ziphius cavirostris,1
452,1963,Balaenoptera acutorostrata,2
453,1963,Delphinus delphis,2
454,1963,Globicephala melas,6
455,1963,Grampus griseus,1
456,1963,Orcinus orca,3
457,1963,Phocoena phocoena,16
458,1963,Physeter macrocephalus,1
459,1963,Tursiops truncatus,9
460,1963,Ziphius cavirostris,3
461,1964,Balaenoptera acutorostrata,1
462,1964,Globicephala melas,2
463,1964,Grampus griseus,3
464,1964,Hyperoodon ampullatus,1
465,1964,Lagenorhynchus acutus,1
466,1964,Lagenorhynchus albirostris,4
467,1964,Phocoena phocoena,16
468,1964,Tursiops truncatus,4
469,1964,Ziphius cavirostris,3
470,1965,Balaenoptera acutorostrata,2
471,1965,Balaenoptera borealis,1
472,1965,Globicephala melas,2
473,1965,Hyperoodon ampullatus,3
474,1965,Lagenorhynchus albirostris,5
475,1965,Orcinus orca,2
476,1965,Phocoena phocoena,13
477,1965,Tursiops truncatus,9
478,1966,Balaenoptera acutorostrata,2
479,1966,Delphinus delphis,1
480,1966,Globicephala melas,4
481,1966,Hyperoodon ampullatus,1
482,1966,Kogia breviceps,1
483,1966,Lagenorhynchus acutus,2
484,1966,Lagenorhynchus albirostris,2
485,1966,Orcinus orca,3
486,1966,Phocoena phocoena,15
487,1966,Physeter macrocephalus,1
488,1966,Tursiops truncatus,2
489,1966,Ziphius cavirostris,1
490,1967,Balaenoptera acutorostrata,1
491,1967,Delphinus delphis,2
492,1967,Globicephala melas,2
493,1967,Grampus griseus,1
494,1967,Hyperoodon ampullatus,1
495,1967,Lagenorhynchus acutus,6
496,1967,Lagenorhynchus albirostris,1
497,1967,Mesoplodon bidens,2
498,1967,Mesoplodon mirus,1
499,1967,Phocoena phocoena,10
500,1967,Physeter macrocephalus,3
501,1967,Tursiops truncatus,5
502,1967,Ziphius cavirostris,3
503,1968,Balaenoptera acutorostrata,1
504,1968,Balaenoptera physalus,1
505,1968,Delphinus delphis,2
506,1968,Globicephala melas,3
507,1968,Hyperoodon ampullatus,1
508,1968,Lagenorhynchus acutus,3
509,1968,Lagenorhynchus albirostris,2
510,1968,Mesoplodon bidens,2
511,1968,Orcinus orca,3
512,1968,Phocoena phocoena,8
513,1968,Physeter macrocephalus,1
514,1968,Tursiops truncatus,2
515,1969,Balaenoptera acutorostrata,5
516,1969,Delphinus delphis,3
517,1969,Globicephala melas,3
518,1969,Grampus griseus,1
519,1969,Hyperoodon ampullatus,2
520,1969,Lagenorhynchus acutus,1
521,1969,Lagenorhynchus albirostris,1
522,1969,Orcinus orca,1
523,1969,Phocoena phocoena,5
524,1969,Tursiops truncatus,1
525,1969,Ziphius cavirostris,3
526,1970,Balaenoptera acutorostrata,2
527,1970,Delphinus delphis,5
528,1970,Globicephala melas,3
529,1970,Grampus griseus,3
530,1970,Hyperoodon ampullatus,2
531,1970,Lagenorhynchus acutus,1
532,1970,Lagenorhynchus albirostris,6
533,1970,Phocoena phocoena,11
534,1970,Tursiops truncatus,3
535,1970,Ziphius cavirostris,2
536,1971,Balaenoptera acutorostrata,4
537,1971,Balaenoptera borealis,1
538,1971,Balaenoptera physalus,2
539,1971,Delphinus delphis,2
540,1971,Globicephala melas,4
541,1971,Grampus griseus,1
542,1971,Hyperoodon ampullatus,1
543,1971,Orcinus orca,1
544,1971,Phocoena phocoena,6
545,1971,Tursiops truncatus,1
546,1972,Balaenoptera acutorostrata,3
547,1972,Delphinus delphis,4
548,1972,Globicephala melas,1
549,1972,Hyperoodon ampullatus,3
550,1972,Lagenorhynchus albirostris,5
551,1972,Mesoplodon bidens,2
552,1972,Mesoplodon mirus,1
553,1972,Orcinus orca,1
554,1972,Phocoena phocoena,5
555,1972,Physeter macrocephalus,1
556,1972,Tursiops truncatus,2
557,1973,Balaenoptera acutorostrata,4
558,1973,Delphinus delphis,6
559,1973,Globicephala melas,7
560,1973,Grampus griseus,2
561,1973,Hyperoodon ampullatus,1
562,1973,Lagenorhynchus acutus,2
563,1973,Orcinus orca,2
564,1973,Phocoena phocoena,9
565,1973,Physeter macrocephalus,2
566,1973,Tursiops truncatus,4
567,1973,Ziphius cavirostris,1
568,1974,Balaenoptera acutorostrata,1
569,1974,Delphinus delphis,5
570,1974,Globicephala melas,15
571,1974,Lagenorhynchus acutus,3
572,1974,Lagenorhynchus albirostris,4
573,1974,Phocoena phocoena,17
574,1974,Physeter macrocephalus,4
575,1974,Tursiops truncatus,3
576,1975,Balaenoptera acutorostrata,2
577,1975,Balaenoptera borealis,1
578,1975,Delphinus delphis,4
579,1975,Globicephala melas,7
580,1975,Grampus griseus,1
581,1975,Hyperoodon ampullatus,3
582,1975,Mesoplodon bidens,1
583,1975,Orcinus orca,1
584,1975,Phocoena phocoena,13
585,1975,Physeter macrocephalus,3
586,1975,Stenella coeruleoalba,1
587,1976,Balaenoptera acutorostrata,3
588,1976,Delphinus delphis,11
589,1976,Globicephala melas,7
590,1976,Grampus griseus,1
591,1976,Hyperoodon ampullatus,2
592,1976,Lagenorhynchus acutus,2
593,1976,Lagenorhynchus albirostris,6
594,1976,Orcinus orca,1
595,1976,Phocoena phocoena,17
596,1976,Pseudorca crassidens,1
597,1976,Tursiops truncatus,6
598,1977,Balaenoptera acutorostrata,3
599,1977,Delphinus delphis,11
600,1977,Globicephala melas,4
601,1977,Grampus griseus,1
602,1977,Lagenorhynchus acutus,1
603,1977,Lagenorhynchus albirostris,3
604,1977,Mesoplodon bidens,2
605,1977,Orcinus orca,1
606,1977,Phocoena phocoena,6
607,1977,Physeter macrocephalus,4
608,1977,Tursiops truncatus,5
609,1978,Balaenoptera acutorostrata,2
610,1978,Delphinus delphis,5
611,1978,Globicephala melas,12
612,1978,Grampus griseus,6
613,1978,Hyperoodon ampullatus,2
614,1978,Lagenorhynchus acutus,4
615,1978,Lagenorhynchus albirostris,2
616,1978,Mesoplodon bidens,4
617,1978,Orcinus orca,5
618,1978,Phocoena phocoena,11
619,1978,Physeter macrocephalus,1
620,1978,Stenella coeruleoalba,1
621,1978,Tursiops truncatus,3
622,1978,Ziphius cavirostris,2
623,1979,Balaenoptera acutorostrata,2
624,1979,Delphinus delphis,5
625,1979,Globicephala melas,15
626,1979,Grampus griseus,2
627,1979,Lagenorhynchus acutus,2
628,1979,Lagenorhynchus albirostris,3
629,1979,Phocoena phocoena,12
630,1979,Physeter macrocephalus,3
631,1979,Tursiops truncatus,7
632,1980,Balaenoptera acutorostrata,3
633,1980,Balaenoptera borealis,1
634,1980,Delphinus delphis,8
635,1980,Globicephala melas,15
636,1980,Grampus griseus,5
637,1980,Kogia breviceps,1
638,1980,Lagenorhynchus albirostris,4
639,1980,Orcinus orca,1
640,1980,Phocoena phocoena,11
641,1980,Physeter macrocephalus,3
642,1980,Tursiops truncatus,1
643,1981,Balaenoptera acutorostrata,4
644,1981,Balaenoptera physalus,1
645,1981,Delphinus delphis,10
646,1981,Globicephala melas,9
647,1981,Grampus griseus,9
648,1981,Hyperoodon ampullatus,1
649,1981,Lagenorhynchus acutus,4
650,1981,Lagenorhynchus albirostris,8
651,1981,Mesoplodon bidens,1
652,1981,Orcinus orca,1
653,1981,Phocoena phocoena,25
654,1981,Stenella coeruleoalba,2
655,1981,Tursiops truncatus,1
656,1981,Ziphius cavirostris,1
657,1982,Balaenoptera acutorostrata,8
658,1982,Delphinus delphis,9
659,1982,Globicephala melas,21
660,1982,Grampus griseus,2
661,1982,Hyperoodon ampullatus,1
662,1982,Lagenorhynchus acutus,1
663,1982,Lagenorhynchus albirostris,6
664,1982,Megaptera novaeangliae,1
665,1982,Mesoplodon bidens,1
666,1982,Phocoena phocoena,15
667,1982,Physeter macrocephalus,1
668,1982,Stenella coeruleoalba,1
669,1982,Tursiops truncatus,3
670,1982,Ziphius cavirostris,2
671,1983,Balaenoptera acutorostrata,3
672,1983,Balaenoptera physalus,1
673,1983,Delphinus delphis,14
674,1983,Globicephala melas,14
675,1983,Grampus griseus,5
676,1983,Hyperoodon ampullatus,1
677,1983,Lagenorhynchus acutus,1
678,1983,Lagenorhynchus albirostris,4
679,1983,Mesoplodon bidens,2
680,1983,Mesoplodon mirus,1
681,1983,Orcinus orca,3
682,1983,Phocoena phocoena,31
683,1983,Physeter macrocephalus,2
684,1983,Stenella coeruleoalba,1
685,1983,Ziphius cavirostris,2
686,1984,Balaenoptera acutorostrata,5
687,1984,Balaenoptera physalus,2
688,1984,Delphinus delphis,7
689,1984,Globicephala melas,6
690,1984,Grampus griseus,2
691,1984,Hyperoodon ampullatus,1
692,1984,Lagenorhynchus acutus,5
693,1984,Mesoplodon bidens,1
694,1984,Orcinus orca,1
695,1984,Phocoena phocoena,10
696,1984,Physeter macrocephalus,2
697,1984,Stenella coeruleoalba,4
698,1985,Balaenoptera acutorostrata,4
699,1985,Balaenoptera physalus,1
700,1985,Delphinus delphis,20
701,1985,Globicephala melas,6
702,1985,Grampus griseus,1
703,1985,Hyperoodon ampullatus,1
704,1985,Kogia breviceps,1
705,1985,Lagenorhynchus acutus,1
706,1985,Lagenorhynchus albirostris,1
707,1985,Megaptera novaeangliae,1
708,1985,Orcinus orca,1
709,1985,Phocoena phocoena,25
710,1985,Physeter macrocephalus,2
711,1985,Stenella coeruleoalba,4
712,1985,Tursiops truncatus,3
713,1985,Ziphius cavirostris,1
714,1986,Balaenoptera acutorostrata,2
715,1986,Delphinus delphis,12
716,1986,Globicephala melas,14
717,1986,Grampus griseus,3
718,1986,Hyperoodon ampullatus,2
719,1986,Lagenorhynchus acutus,4
720,1986,Lagenorhynchus albirostris,9
721,1986,Mesoplodon bidens,1
722,1986,Phocoena phocoena,26
723,1986,Physeter macrocephalus,2
724,1986,Stenella coeruleoalba,9
725,1986,Tursiops truncatus,3
726,1987,Balaenoptera acutorostrata,1
727,1987,Delphinus delphis,10
728,1987,Globicephala melas,17
729,1987,Grampus griseus,2
730,1987,Hyperoodon ampullatus,1
731,1987,Lagenorhynchus acutus,1
732,1987,Lagenorhynchus albirostris,8
733,1987,Mesoplodon bidens,2
734,1987,Mesoplodon mirus,1
735,1987,Orcinus orca,1
736,1987,Phocoena phocoena,35
737,1987,Physeter macrocephalus,4
738,1987,Stenella coeruleoalba,4
739,1987,Tursiops truncatus,3
740,1987,Ziphius cavirostris,2
741,1988,Balaenoptera acutorostrata,4
742,1988,Balaenoptera physalus,2
743,1988,Delphinus delphis,11
744,1988,Globicephala melas,16
745,1988,Grampus griseus,2
746,1988,Hyperoodon ampullatus,2
747,1988,Lagenorhynchus acutus,4
748,1988,Lagenorhynchus albirostris,5
749,1988,Phocoena phocoena,36
750,1988,Physeter macrocephalus,12
751,1988,Stenella coeruleoalba,4
752,1988,Tursiops truncatus,8
753,1989,Balaenoptera acutorostrata,4
754,1989,Balaenoptera borealis,1
755,1989,Balaenoptera physalus,2
756,1989,Delphinus delphis,19
757,1989,Globicephala melas,17
758,1989,Grampus griseus,2
759,1989,Hyperoodon ampullatus,1
760,1989,Lagenorhynchus acutus,16
761,1989,Lagenorhynchus albirostris,4
762,1989,Mesoplodon bidens,2
763,1989,Phocoena phocoena,72
764,1989,Physeter macrocephalus,9
765,1989,Stenella coeruleoalba,2
766,1989,Tursiops truncatus,6
767,1989,Ziphius cavirostris,3
768,1990,Balaenoptera acutorostrata,16
769,1990,Balaenoptera borealis,1
770,1990,Balaenoptera physalus,3
771,1990,Delphinus delphis,31
772,1990,Globicephala melas,24
773,1990,Grampus griseus,4
774,1990,Lagenorhynchus acutus,17
775,1990,Lagenorhynchus albirostris,4
776,1990,Mesoplodon bidens,1
777,1990,Phocoena phocoena,74
778,1990,Physeter macrocephalus,13
779,1990,Stenella coeruleoalba,11
780,1991,Balaenoptera acutorostrata,6
781,1991,Balaenoptera physalus,1
782,1991,Delphinus delphis,33
783,1991,Globicephala melas,21
784,1991,Grampus griseus,3
785,1991,Hyperoodon ampullatus,1
786,1991,Lagenorhynchus acutus,4
787,1991,Lagenorhynchus albirostris,6
788,1991,Mesoplodon bidens,1
789,1991,Phocoena phocoena,105
790,1991,Physeter macrocephalus,1
791,1991,Stenella coeruleoalba,15
792,1991,Tursiops truncatus,8
793,1992,Balaenoptera acutorostrata,8
794,1992,Balaenoptera physalus,1
795,1992,Delphinus delphis,79
796,1992,Globicephala melas,37
797,1992,Grampus griseus,10
798,1992,Lagenorhynchus acutus,4
799,1992,Lagenorhynchus albirostris,26
800,1992,Megaptera novaeangliae,1
801,1992,Mesoplodon bidens,4
802,1992,Phocoena phocoena,119
803,1992,Physeter macrocephalus,5
804,1992,Stenella coeruleoalba,13
805,1992,Tursiops truncatus,13
806,1993,Balaenoptera acutorostrata,18
807,1993,Delphinus delphis,53
808,1993,Globicephala melas,12
809,1993,Grampus griseus,10
810,1993,Hyperoodon ampullatus,2
811,1993,Kogia breviceps,1
812,1993,Lagenorhynchus acutus,8
813,1993,Lagenorhynchus albirostris,18
814,1993,Phocoena phocoena,163
815,1993,Physeter macrocephalus,5
816,1993,Stenella coeruleoalba,7
817,1993,Tursiops truncatus,11
818,1993,Ziphius cavirostris,3
819,1994,Balaenoptera acutorostrata,6
820,1994,Balaenoptera physalus,2
821,1994,Delphinus delphis,52
822,1994,Globicephala melas,13
823,1994,Grampus griseus,9
824,1994,Hyperoodon ampullatus,1
825,1994,Lagenorhynchus acutus,18
826,1994,Lagenorhynchus albirostris,16
827,1994,Mesoplodon bidens,4
828,1994,Orcinus orca,3
829,1994,Phocoena phocoena,180
830,1994,Physeter macrocephalus,10
831,1994,Stenella coeruleoalba,12
832,1994,Tursiops truncatus,6
833,1994,Ziphius cavirostris,1
834,1995,Balaenoptera acutorostrata,14
835,1995,Balaenoptera physalus,2
836,1995,Delphinus delphis,28
837,1995,Globicephala melas,18
838,1995,Grampus griseus,9
839,1995,Hyperoodon ampullatus,2
840,1995,Lagenorhynchus acutus,11
841,1995,Lagenorhynchus albirostris,20
842,1995,Orcinus orca,4
843,1995,Phocoena phocoena,127
844,1995,Physeter macrocephalus,5
845,1995,Stenella coeruleoalba,13
846,1995,Tursiops truncatus,5
847,1996,Balaenoptera acutorostrata,12
848,1996,Delphinus delphis,43
849,1996,Globicephala melas,15
850,1996,Grampus griseus,11
851,1996,Hyperoodon ampullatus,1
852,1996,Lagenorhynchus acutus,12
853,1996,Lagenorhynchus albirostris,14
854,1996,Megaptera novaeangliae,1
855,1996,Mesoplodon bidens,3
856,1996,Phocoena phocoena,201
857,1996,Physeter macrocephalus,4
858,1996,Stenella coeruleoalba,10
859,1996,Tursiops truncatus,2
860,1997,Balaenoptera acutorostrata,17
861,1997,Balaenoptera physalus,1
862,1997,Delphinus delphis,53
863,1997,Globicephala melas,21
864,1997,Grampus griseus,6
865,1997,Kogia breviceps,2
866,1997,Lagenorhynchus acutus,20
867,1997,Lagenorhynchus albirostris,9
868,1997,Mesoplodon mirus,1
869,1997,Orcinus orca,1
870,1997,Phocoena phocoena,204
871,1997,Physeter macrocephalus,9
872,1997,Stenella coeruleoalba,5
873,1997,Tursiops truncatus,3
874,1997,Ziphius cavirostris,2
875,1998,Balaenoptera acutorostrata,16
876,1998,Delphinus delphis,62
877,1998,Globicephala melas,17
878,1998,Grampus griseus,17
879,1998,Hyperoodon ampullatus,3
880,1998,Kogia breviceps,1
881,1998,Lagenorhynchus acutus,23
882,1998,Lagenorhynchus albirostris,8
883,1998,Mesoplodon bidens,1
884,1998,Phocoena phocoena,196
885,1998,Physeter macrocephalus,12
886,1998,Stenella coeruleoalba,21
887,1998,Tursiops truncatus,8
888,1999,Balaenoptera acutorostrata,19
889,1999,Balaenoptera physalus,1
890,1999,Delphinus delphis,59
891,1999,Globicephala melas,18
892,1999,Grampus griseus,13
893,1999,Hyperoodon ampullatus,3
894,1999,Kogia breviceps,2
895,1999,Lagenorhynchus acutus,6
896,1999,Lagenorhynchus albirostris,11
897,1999,Mesoplodon bidens,1
898,1999,Phocoena phocoena,198
899,1999,Physeter macrocephalus,6
900,1999,Stenella coeruleoalba,20
901,1999,Tursiops truncatus,17
902,1999,Ziphius cavirostris,2
903,2000,Balaenoptera acutorostrata,21
904,2000,Balaenoptera physalus,5
905,2000,Delphinus delphis,77
906,2000,Globicephala melas,21
907,2000,Grampus griseus,14
908,2000,Hyperoodon ampullatus,1
909,2000,Kogia breviceps,1
910,2000,Lagenorhynchus acutus,15
911,2000,Lagenorhynchus albirostris,8
912,2000,Mesoplodon bidens,3
913,2000,Phocoena phocoena,196
914,2000,Physeter macrocephalus,7
915,2000,Stenella coeruleoalba,18
916,2000,Tursiops truncatus,9
917,2000,Ziphius cavirostris,4
918,2001,Balaenoptera acutorostrata,20
919,2001,Balaenoptera borealis,1
920,2001,Balaenoptera physalus,4
921,2001,Delphinus delphis,121
922,2001,Globicephala melas,32
923,2001,Grampus griseus,10
924,2001,Hyperoodon ampullatus,3
925,2001,Lagenorhynchus acutus,3
926,2001,Lagenorhynchus albirostris,6
927,2001,Megaptera novaeangliae,2
928,2001,Mesoplodon bidens,3
929,2001,Orcinus orca,2
930,2001,Phocoena phocoena,284
931,2001,Physeter macrocephalus,8
932,2001,Stenella coeruleoalba,16
933,2001,Tursiops truncatus,17
934,2001,Ziphius cavirostris,1
935,2002,Balaenoptera acutorostrata,21
936,2002,Balaenoptera physalus,1
937,2002,Delphinus delphis,133
938,2002,Globicephala melas,28
939,2002,Grampus griseus,13
940,2002,Hyperoodon ampullatus,1
941,2002,Kogia breviceps,2
942,2002,Lagenorhynchus acutus,9
943,2002,Lagenorhynchus albirostris,7
944,2002,Mesoplodon bidens,1
945,2002,Orcinus orca,1
946,2002,Phocoena phocoena,365
947,2002,Physeter macrocephalus,6
948,2002,Stenella coeruleoalba,13
949,2002,Tursiops truncatus,8
950,2002,Ziphius cavirostris,4
951,2003,Balaenoptera acutorostrata,20
952,2003,Balaenoptera physalus,1
953,2003,Delphinus delphis,223
954,2003,Globicephala melas,9
955,2003,Grampus griseus,14
956,2003,Hyperoodon ampullatus,1
957,2003,Lagenorhynchus acutus,11
958,2003,Lagenorhynchus albirostris,6
959,2003,Mesoplodon bidens,1
960,2003,Orcinus orca,2
961,2003,Phocoena phocoena,339
962,2003,Physeter macrocephalus,11
963,2003,Stenella coeruleoalba,16
964,2003,Tursiops truncatus,9
965,2003,Ziphius cavirostris,1
966,2004,Balaenoptera acutorostrata,15
967,2004,Balaenoptera physalus,7
968,2004,Delphinus delphis,180
969,2004,Globicephala melas,20
970,2004,Grampus griseus,14
971,2004,Hyperoodon ampullatus,2
972,2004,Lagenorhynchus acutus,11
973,2004,Lagenorhynchus albirostris,12
974,2004,Megaptera novaeangliae,2
975,2004,Mesoplodon bidens,5
976,2004,Orcinus orca,1
977,2004,Phocoena phocoena,480
978,2004,Physeter macrocephalus,6
979,2004,Stenella coeruleoalba,11
980,2004,Tursiops truncatus,19
981,2004,Ziphius cavirostris,3
982,2005,Balaenoptera acutorostrata,18
983,2005,Balaenoptera physalus,1
984,2005,Delphinus delphis,111
985,2005,Globicephala melas,24
986,2005,Grampus griseus,16
987,2005,Hyperoodon ampullatus,2
988,2005,Kogia breviceps,1
989,2005,Lagenorhynchus acutus,15
990,2005,Lagenorhynchus albirostris,9
991,2005,Mesoplodon bidens,1
992,2005,Orcinus orca,2
993,2005,Phocoena phocoena,453
994,2005,Physeter macrocephalus,9
995,2005,Stenella coeruleoalba,11
996,2005,Tursiops truncatus,15
997,2005,Ziphius cavirostris,6
998,2006,Balaenoptera acutorostrata,20
999,2006,Balaenoptera borealis,1
1000,2006,Balaenoptera physalus,3
1001,2006,Delphinus delphis,155
1002,2006,Globicephala melas,24
1003,2006,Grampus griseus,7
1004,2006,Hyperoodon ampullatus,7
1005,2006,Lagenorhynchus acutus,22
1006,2006,Lagenorhynchus albirostris,16
1007,2006,Megaptera novaeangliae,5
1008,2006,Mesoplodon bidens,5
1009,2006,Phocoena phocoena,426
1010,2006,Physeter macrocephalus,11
1011,2006,Stenella coeruleoalba,26
1012,2006,Tursiops truncatus,19
1013,2006,Ziphius cavirostris,1
1014,2007,Balaenoptera acutorostrata,13
1015,2007,Balaenoptera physalus,5
1016,2007,Delphinus delphis,123
1017,2007,Globicephala melas,25
1018,2007,Grampus griseus,6
1019,2007,Hyperoodon ampullatus,5
1020,2007,Kogia breviceps,1
1021,2007,Lagenorhynchus acutus,42
1022,2007,Lagenorhynchus albirostris,4
1023,2007,Megaptera novaeangliae,4
1024,2007,Mesoplodon bidens,5
1025,2007,Orcinus orca,1
1026,2007,Phocoena phocoena,295
1027,2007,Physeter macrocephalus,4
1028,2007,Stenella coeruleoalba,19
1029,2007,Tursiops truncatus,18
1030,2007,Ziphius cavirostris,2
1031,2008,Balaenoptera acutorostrata,23
1032,2008,Balaenoptera physalus,4
1033,2008,Delphinus delphis,99
1034,2008,Globicephala melas,41
1035,2008,Grampus griseus,11
1036,2008,Hyperoodon ampullatus,3
1037,2008,Lagenorhynchus acutus,25
1038,2008,Lagenorhynchus albirostris,13
1039,2008,Mesoplodon bidens,7
1040,2008,Orcinus orca,1
1041,2008,Phocoena phocoena,291
1042,2008,Physeter macrocephalus,5
1043,2008,Stenella coeruleoalba,16
1044,2008,Tursiops truncatus,10
1045,2008,Ziphius cavirostris,21
1046,2009,Balaenoptera acutorostrata,13
1047,2009,Balaenoptera physalus,4
1048,2009,Delphinus delphis,73
1049,2009,Globicephala melas,17
1050,2009,Grampus griseus,10
1051,2009,Hyperoodon ampullatus,10
1052,2009,Kogia breviceps,2
1053,2009,Lagenorhynchus acutus,9
1054,2009,Lagenorhynchus albirostris,19
1055,2009,Megaptera novaeangliae,1
1056,2009,Mesoplodon bidens,6
1057,2009,Mesoplodon mirus,1
1058,2009,Phocoena phocoena,273
1059,2009,Physeter macrocephalus,8
1060,2009,Stenella coeruleoalba,22
1061,2009,Tursiops truncatus,25
1062,2009,Ziphius cavirostris,5
1063,2010,Balaenoptera acutorostrata,23
1064,2010,Balaenoptera physalus,1
1065,2010,Delphinus delphis,58
1066,2010,Globicephala melas,5
1067,2010,Grampus griseus,8
1068,2010,Lagenorhynchus acutus,7
1069,2010,Lagenorhynchus albirostris,14
1070,2010,Megaptera novaeangliae,2
1071,2010,Mesoplodon bidens,2
1072,2010,Orcinus orca,1
1073,2010,Phocoena phocoena,281
1074,2010,Physeter macrocephalus,5
1075,2010,Stenella coeruleoalba,16
1076,2010,Tursiops truncatus,9
1077,2011,Balaenoptera acutorostrata,14
1078,2011,Balaenoptera borealis,1
1079,2011,Balaenoptera physalus,5
1080,2011,Delphinus delphis,148
1081,2011,Globicephala melas,22
1082,2011,Grampus griseus,14
1083,2011,Hyperoodon ampullatus,2
1084,2011,Kogia breviceps,1
1085,2011,Lagenorhynchus acutus,21
1086,2011,Lagenorhynchus albirostris,11
1087,2011,Mesoplodon bidens,3
1088,2011,Orcinus orca,1
1089,2011,Phocoena phocoena,354
1090,2011,Physeter macrocephalus,11
1091,2011,Stenella coeruleoalba,25
1092,2011,Tursiops truncatus,21
1093,2011,Ziphius cavirostris,4
1094,2012,Balaenoptera acutorostrata,17
1095,2012,Balaenoptera borealis,2
1096,2012,Balaenoptera physalus,6
1097,2012,Delphinus delphis,126
1098,2012,Globicephala melas,44
1099,2012,Grampus griseus,10
1100,2012,Hyperoodon ampullatus,4
1101,2012,Lagenorhynchus acutus,10
1102,2012,Lagenorhynchus albirostris,18
1103,2012,Megaptera novaeangliae,1
1104,2012,Mesoplodon bidens,6
1105,2012,Orcinus orca,1
1106,2012,Phocoena phocoena,371
1107,2012,Physeter macrocephalus,7
1108,2012,Stenella coeruleoalba,19
1109,2012,Tursiops truncatus,20
1110,2012,Ziphius cavirostris,4
1111,2013,Balaenoptera acutorostrata,22
1112,2013,Balaenoptera physalus,3
1113,2013,Delphinus delphis,138
1114,2013,Globicephala melas,32
1115,2013,Grampus griseus,12
1116,2013,Kogia breviceps,2
1117,2013,Lagenorhynchus acutus,5
1118,2013,Lagenorhynchus albirostris,21
1119,2013,Megaptera novaeangliae,2
1120,2013,Mesoplodon bidens,4
1121,2013,Mesoplodon mirus,3
1122,2013,Phocoena phocoena,446
1123,2013,Physeter macrocephalus,7
1124,2013,Stenella coeruleoalba,28
1125,2013,Tursiops truncatus,16
1126,2013,Ziphius cavirostris,2
1127,2014,Balaenoptera acutorostrata,18
1128,2014,Delphinus delphis,133
1129,2014,Globicephala melas,33
1130,2014,Grampus griseus,5
1131,2014,Hyperoodon ampullatus,2
1132,2014,Kogia breviceps,2
1133,2014,Lagenorhynchus acutus,5
1134,2014,Lagenorhynchus albirostris,12
1135,2014,Megaptera novaeangliae,1
1136,2014,Mesoplodon bidens,3
1137,2014,Orcinus orca,1
1138,2014,Phocoena phocoena,362
1139,2014,Physeter macrocephalus,8
1140,2014,Stenella coeruleoalba,29
1141,2014,Tursiops truncatus,18
1142,2014,Ziphius cavirostris,12
1143,2015,Balaenoptera acutorostrata,22
1144,2015,Balaenoptera physalus,5
1145,2015,Delphinus delphis,163
1146,2015,Globicephala melas,41
1147,2015,Grampus griseus,18
1148,2015,Kogia breviceps,2
1149,2015,Lagenorhynchus acutus,5
1150,2015,Lagenorhynchus albirostris,15
1151,2015,Megaptera novaeangliae,1
1152,2015,Mesoplodon bidens,4
1153,2015,Orcinus orca,3
1154,2015,Phocoena phocoena,295
1155,2015,Physeter macrocephalus,9
1156,2015,Stenella coeruleoalba,22
1157,2015,Tursiops truncatus,15
1158,2015,Ziphius cavirostris,13